Workbook

Sheet ВидыРабот
A1: Работы
A3: вывоз навоза без прицепа
A4: вывоз навоза с прицепом 10 т
A5: вывоз навоза с прицепом 4 т
A6: разовые поручения
A7: раздача кормов
A8: почасовая работа в кормоцехе
A9: перемещение силоса
A10: опрыскивание спецтехникой
A11: опрыскивание прицепным агрегатом
A12: вывоз жижи бочка 10т
A13: вывоз жижи бочка 5т
... A141: погрузка кукуры

Sheet НеРаботал
A1: На больничном
A2: На учебе
A3: Не работал по уважительной причине
A4: Не работал по неуважительной причине
A5: Выходной

Sheet техника
B1: ООО Шахтер | I1: ООО Шахтер
A2: № | B2: ФИО | C2: Вид техники | D2: Комментарии | H2: п/п | I2: Вид техники | K2: трекер есть
A3: водители
A4: 1 | B4: Сибгатуллин Ильшат | C4: КАМАЗ | H4: 1 | I4: КАМАЗ | K4: +
A5: 2 | B5: Хакимов Алмаз | C5: КАМАЗ | H5: 2 | I5: КАМАЗ | K5: +
A6: 3 | B6: Шакиров Алмаз | C6: КАМАЗ | H6: 3 | I6: КАМАЗ | K6: +
A7: 4 | B7: Хакимуллин Алмаз | C7: КАМАЗ | H7: 4 | I7: КАМАЗ | K7: +
A8: 5 | B8: Гилязов Марат | C8: КАМАЗ | H8: 5 | I8: КАМАЗ | K8: +
A9: 6 | B9: Самигуллин Марат | C9: КАМАЗ | H9: 6 | I9: КАМАЗ | K9: +
A10: 7 | B10: Хуснутдинов Рамиль | C10: КАМАЗ | H10: 7 | I10: КАМАЗ | K10: +
A11: 8 | B11: Хазиев Данис | C11: КАМАЗ | H11: 8 | I11: КАМАЗ | K11: +
A12: 9 | B12: Зиннатуллин Ильяр | C12: ГАЗ-53/пожарный | H12: 1 | I12: ГАЗ-53 бортовой | K12: +
A13: механизаторы | H13: 2 | I13: ГАЗ-53 пожарный | K13: -
A14: 1 | B14: Гарипов Айрат | C14: МТЗ-1221 яна | H14: 3 | I14: Газ-53 бензовоз | K14: +
A15: 2 | B15: Даминов Алмаз | C15: МТЗ-1221 яна | H15: 1 | I15: МТЗ-1221 | K15: +
A16: 3 | B16: Сибгатуллин Ренат | C16: МТЗ-1221 | H16: 2 | I16: МТЗ-1221 | K16: +
A17: 4 | B17: Марданов Ильнур | C17: МТЗ-1221 | H17: 3 | I17: МТЗ-1221 | K17: +
A18: 5 | B18: Марданов Газинур | C18: МТЗ-1221 | H18: 4 | I18: МТЗ-1221 | K18: +
A19: 6 | B19: Гилязутдинов Равис | C19: МТЗ-1221 | H19: 5 | I19: МТЗ-1221 | K19: +
A20: 7 | B20: Идрисов Фанис | C20: МТЗ-1221 | H20: 6 | I20: МТЗ-1221 | K20: +
A21: 8 | B21: Бурганов Ильдус | C21: МТЗ-1221 | H21: 7 | I21: МТЗ-1221 | K21: +
A22: 9 | B22: Зиннатуллин Ильнар | C22: МТЗ-82/К-744 | H22: 8 | I22: МТЗ-1221 | K22: +
A23: 10 | B23: Гарипов Радиф | C23: МТЗ-82 яна | H23: 9 | I23: МТЗ-1221 | K23: +
A24: 11 | B24: Гарипов Ленар | C24: МТЗ-82 кун10 | H24: 1 | I24: МТЗ-82 | K24: +
A25: 12 | B25: Гилязов Фариль | C25: МТЗ-82 | H25: 2 | I25: МТЗ-82 | K25: +
... A32: 19 | B32: Сафиуллин Фидаиль | C32: К-742 | H32: 9 | I32: МТЗ-82 | K32: +
A33: 20 | B33: Сафиуллин Фердинант | H33: 10 | I33: МТЗ-82 | K33: +
A34: 21 | B34: Газимзянов Мунир | C34: Yutong | H34: 1 | I34: ДТ-75 | K34: +
A35: 22 | B35: Мухаметзянов Радик | C35: Yutong | H35: 2 | I35: К-742 | K35: +
A36: 23 | B36: Ибрагимов Ильнар | C36: Нью холланд | H36: 3 | I36: К-744 | K36: +
A37: 24 | B37: Шагиев Данис | C37: ШАМТУЙ | H37: 4 | I37: Yutong-931a | K37: +
A38: 25 | B38: Шарифуллин Рамазан | C38: JSB новый/старый | H38: 5 | I38: Yutong-931a 0058 | K38: +
A39: 26 | B39: Мухаметшин Рамиль/ | H39: 6 | I39: Нью холланд | K39: +
A40: 27 | B40: Шарифуллин Рузиль | C40: ВАЛТРА | H40: 7 | I40: Нью холланд | K40: +
A41: 28 | B41: Ибрагимов Зиннур | C41: механизатор | H41: 8 | I41: ШАМТУЙ | K41: +
A42: вахта | H42: 9 | I42: JSB новый | K42: -
A43: 1 | B43: Шайхутдинов Габдельфат | C43: УАЗ-Буханка | H43: 10 | I43: JSB старый | K43: +
A44: 2 | B44: Шарафутдинов Рустам | C44: УАЗ-Буханка | H44: 11 | I44: ВАЛТРА | K44: +
A45: слесари | H45: 12 | I45: БАРС-3000 | K45: +
A46: 1 | B46: Латыйпов Ильдус | C46: ст.слесарь | H46: 13 | I46: ХТЗ-150 | K46: +
A47: 2 | B47: Хуснутдинов Габдельнур | C47: слесарь/Нью Холланд | H47: 14 | I47: КЛАСС | K47: +
A48: 3 | B48: Мухаметзянов Шаукат | C48: слесарь | H48: 15 | I48: Булдозер Шамтуй | K48: +
A49: 4 | B49: Ахмадуллин Рустам | C49: слесарь | H49: 1 | I49: УАЗ-Буханка | J49: Вахта | K49: +
A50: 5 | B50: Гильманов Айрат | C50: слесарь | H50: 1 | I50: УАЗ-Буханка | J50: Вахта | K50: +
A51: 6 | B51: Сабитов Рустам | C51: слесарь | H51: 1 | I51: Лада ларгус | J51: Гиз.Булат | K51: +
A52: 7 | B52: Ибрагимов Ильфар | C52: слесарь | H52: 2 | I52: нива 4х4 | J52: Лат.марат | K52: +
A53: 1 | B53: Хакимуллин Масхут | C53: Токарь/зав.склад гсм/ГАЗ-53 бензовоз | H53: 3 | I53: нива 4х4 | J53: Хайр.Радиф | K53: +
A54: 1 | B54: Ахметзянов Газинур | C54: сварщик | H54: 4 | I54: нива 4х4 | J54: Гизз.масхут | K54: +
A55: 2 | B55: Сабитов Булат | C55: сварщик | H55: 5 | I55: Шева-нива сочи | J55: Латып.Адиля | K55: +
A56: 1 | B56: Сафин Дильсаф | C56: студент | H56: 6 | I56: нива 4х4 | J56: Галим.Расим | K56: +
A57: 2 | B57: Шакиров Анис | C57: студент | H57: 7 | I57: Шева-нива белая | J57: Низ.Фанис | K57: -
A58: специалисты | H58: 8 | I58: рено дастер | J58: Хаким.Ильфат | K58: -
A59: 1 | B59: Гиззатуллин Булат | C59: Лада ларгус | H59: 9 | I59: Шева-нива белая | K59: -
A60: 2 | B60: Гиззатуллин Масхут | C60: нива | I60: итого | J60: 56 ед.
A61: 3 | B61: Латыйпов Марат | C61: нива
A62: 4 | B62: Хайруллин Радиф | C62: нива | I62: трекера установлены на 51 ед.
A63: 5 | B63: Латыйпова Адиля | C63: Шева-нива сочи | I63: не установлено на 5ед.
A64: 6 | B64: Низамиев Фанис | C64: Шева-нива белая | I64: в программе Виалон 51 ед.техника присутствует и загружена
A65: 7 | B65: Галимзянов Расим | C65: нива
A66: 8 | B66: Хакимов Ильфат | C66: Рено Дастер
A67: 9 | B67: Губайдуллин Искандар | C67: Шева-нива белая
B69: всего механизаторов - 28 чел
B70: всего водителей грузовиков - 9 чел
B71: всего вод.легковых-2 чел
B72: всего слесарей -7 чел
B73: сварщики -2 чел
B74: токарь-1 чел
B75: студенты -2 чел
B76: специалисты - 9 чел
B77: всего 60 чел

Sheet 01.07.2025
B2: ООО Шахтер | E2: Памятка по цветам
B3: Дата | C3: 45839 | E3: Столбец/строка с критической для работы информацией | F3: Используется в критичной для работы программы логике, должна быть заполнена корректно
E4: Столбец с информацией для генерации отчета | F4: Используется для генерации отчета (Наличие корректной информации отвечает за полноценность информации отчета и не критично)
E5: Мультиполя | F5: Могут быть корректно обработаны в случае нескольких работ у 1 человека. (Имеет смысл указывать только желтые и оранжевые поля для вторых и последующих вхождений одного и того же ID)
A8: № | B8: ID | C8: ФИО | D8: Вид техники | E8: Комментарии | F8: Вид работы | G8: Расценка | H8: Кол-во рейсов/час/га/рулонов/тонн-км | I8: Отработано, часов | J8: Общее кол-во часов | K8: Общее кол-во дней | L8: Сумма за день | M8: Сумма за месяц | N8: Общее кол-во дней ремонта | O8: Причина отсут.на раб.месте
A9: 1 | C9: Сибгатуллин Ильшат | D9: КАМАЗ | F9: =CONCATENATE(F10," \ ",F11) -> Перемещение разных товаров с прицепом \ ремонт среднего ТС | I9: =SUM(I10:I12) -> 8 | J9: =I9 -> 8 | K9: 1 | L9: =SUM(L10:L12) -> 4056 | M9: =L9 -> 4056 | N9: 0
A10: 1 | B10: B321-4958-B09E-D1C4 | C10: Сибгатуллин Ильшат | D10: КАМАЗ | F10: Перемещение разных товаров с прицепом | G10: 2.16 | H10: 1600 | I10: 4 | J10: =J9 -> 8 | K10: =K9 -> 1 | L10: =G10*H10 -> 3456 | M10: =M9 -> 4056 | O10: {=IFERROR(_xlfn.IFS(O9="Не работал по уважительной причине","Не работал по уважительной причине",O9="На учебе","На учебе",O9="На больничном","На больничном",O9="Выходной","Выходной", O9="Не работал по неуважительной причине","Не работал по неуважительной причине"),"")}
A11: 1 | B11: B321-4958-B09E-D1C4 | C11: Сибгатуллин Ильшат | D11: КАМАЗ | F11: ремонт среднего ТС | G11: 150 | H11: 4 | I11: 4 | L11: =G11*H11 -> 600
A12: 1
A13: 2 | C13: Хакимов Алмаз | D13: КАМАЗ | F13: =CONCATENATE(F14," \ ",F15) -> Перемещение разных товаров без прицепа \ | I13: =SUM(I14:I16) -> 4 | J13: =I13 -> 4 | K13: 1 | L13: =SUM(L14:L16) -> 864 | M13: =L13 -> 864 | N13: 0
A14: 2 | B14: F81C-A5F6-75F0-A039 | C14: Хакимов Алмаз | D14: КАМАЗ | F14: Перемещение разных товаров без прицепа | G14: 2.16 | H14: 400 | I14: 4 | J14: =J13 -> 4 | K14: =K13 -> 1 | L14: =G14*H14 -> 864 | M14: =M13 -> 864 | O14: {=IFERROR(_xlfn.IFS(O13="Не работал по уважительной причине","Не работал по уважительной причине",O13="На учебе","На учебе",O13="На больничном","На больничном",O13="Выходной","Выходной", O13="Не работал по неуважительной причине","Не работал по неуважительной причине"),"")}
A15: 2
A16: 2
A17: 3 | C17: Шакиров Алмаз | D17: КАМАЗ | F17: =CONCATENATE(F18," \ ",F19) -> ремонт среднего ТС \ | I17: =SUM(I18:I20) -> 8 | J17: =I17 -> 8 | K17: 1 | L17: =SUM(L18:L20) -> 1200 | M17: =L17 -> 1200 | N17: 1
A18: 3 | B18: B132-B3D7-F67D-21D6 | C18: Шакиров Алмаз | D18: КАМАЗ 327 | F18: ремонт среднего ТС | G18: 150 | H18: 8 | I18: 8 | J18: =J17 -> 8 | K18: =K17 -> 1 | L18: =G18*H18 -> 1200 | M18: =M17 -> 1200 | O18: {=IFERROR(_xlfn.IFS(O17="Не работал по уважительной причине","Не работал по уважительной причине",O17="На учебе","На учебе",O17="На больничном","На больничном",O17="Выходной","Выходной", O17="Не работал по неуважительной причине","Не работал по неуважительной причине"),"")}
A19: 3
A20: 3
A21: 4 | C21: Хакимуллин Алмаз | D21: КАМАЗ | F21: =CONCATENATE(F22," \ ",F23) -> ремонт среднего ТС \ Перемещение разных товаров без прицепа | I21: =SUM(I22:I24) -> 8 | J21: =I21 -> 8 | K21: 1 | L21: =SUM(L22:L24) -> 3969.6 | M21: =L21 -> 3969.6 | N21: 0
A22: 4 | B22: 1EEC-A4AA-2E5F-816A | C22: Хакимуллин Алмаз | D22: КАМАЗ | F22: ремонт среднего ТС | G22: 150 | H22: 4 | I22: 5 | J22: =J21 -> 8 | K22: =K21 -> 1 | L22: =G22*H22 -> 600 | M22: =M21 -> 3969.6 | O22: {=IFERROR(_xlfn.IFS(O21="Не работал по уважительной причине","Не работал по уважительной причине",O21="На учебе","На учебе",O21="На больничном","На больничном",O21="Выходной","Выходной", O21="Не работал по неуважительной причине","Не работал по неуважительной причине"),"")}
A23: 4 | B23: 1EEC-A4AA-2E5F-816A | C23: Хакимуллин Алмаз | D23: КАМАЗ | F23: Перемещение разных товаров без прицепа | G23: 2.16 | H23: 1560 | I23: 3 | L23: =G23*H23 -> 3369.6
A24: 4
A25: 5 | C25: Гилязов Марат | D25: КАМАЗ | F25: =CONCATENATE(F26," \ ",F27) -> ремонт большого ТС \ | I25: =SUM(I26:I28) -> 8 | J25: =I25 -> 8 | K25: 1 | L25: =SUM(L26:L28) -> 1600 | M25: =L25 -> 1600 | N25: 0
A26: 5 | B26: 9B87-3AB6-19F1-3F4F | C26: Гилязов Марат | D26: Ягуар | F26: ремонт большого ТС | G26: 200 | H26: 8 | I26: 8 | J26: =J25 -> 8 | K26: =K25 -> 1 | L26: =G26*H26 -> 1600 | M26: =M25 -> 1600 | O26: {=IFERROR(_xlfn.IFS(O25="Не работал по уважительной причине","Не работал по уважительной причине",O25="На учебе","На учебе",O25="На больничном","На больничном",O25="Выходной","Выходной", O25="Не работал по неуважительной причине","Не работал по неуважительной причине"),"")}
A27: 5
A28: 5
A29: 6 | C29: Самигуллин Марат | D29: КАМАЗ | F29: =CONCATENATE(F30," \ ",F31) -> ремонт среднего ТС \ | I29: =SUM(I30:I32) -> 8 | J29: =I29 -> 8 | K29: 1 | L29: =SUM(L30:L32) -> 1200 | M29: =L29 -> 1200 | N29: 0
A30: 6 | B30: DB23-B6ED-A237-F7F2 | C30: Самигуллин Марат | D30: Камаз | F30: ремонт среднего ТС | G30: 150 | H30: 8 | I30: 8 | J30: =J29 -> 8 | K30: =K29 -> 1 | L30: =G30*I30 -> 1200 | M30: =M29 -> 1200 | O30: {=IFERROR(_xlfn.IFS(O29="Не работал по уважительной причине","Не работал по уважительной причине",O29="На учебе","На учебе",O29="На больничном","На больничном",O29="Выходной","Выходной", O29="Не работал по неуважительной причине","Не работал по неуважительной причине"),"")}
A31: 6
A32: 6
A33: 7 | C33: Хуснутдинов Рамиль | D33: КАМАЗ | F33: =CONCATENATE(F34," \ ",F35) -> Перемещение разных товаров с прицепом \ | I33: =SUM(I34:I36) -> 8 | J33: =I33 -> 8 | K33: 1 | L33: =SUM(L34:L36) -> 3456 | M33: =L33 -> 3456 | N33: 0
A34: 7 | B34: 826C-55E4-ED1D-8549 | C34: Хуснутдинов Рамиль | D34: КАМАЗ | F34: Перемещение разных товаров с прицепом | G34: 2.16 | H34: 1600 | I34: 8 | J34: =J33 -> 8 | K34: =K33 -> 1 | L34: =G34*H34 -> 3456 | M34: =M33 -> 3456 | O34: {=IFERROR(_xlfn.IFS(O33="Не работал по уважительной причине","Не работал по уважительной причине",O33="На учебе","На учебе",O33="На больничном","На больничном",O33="Выходной","Выходной", O33="Не работал по неуважительной причине","Не работал по неуважительной причине"),"")}
A35: 7
A36: 7
A37: 8 | C37: Сафиуллин Фердинант | D37: К-744 | F37: =CONCATENATE(F38," \ ",F39) -> \ | I37: =SUM(I38:I40) -> 0 | J37: =I37 -> 0 | K37: 1 | L37: =SUM(L38:L40) -> 0 | M37: =L37 -> 0 | N37: 0 | O37: Не работал по уважительной причине
A38: 8 | B38: A70E-55AE-4C30-61A5 | C38: Сафиуллин Фердинант | D38: К-744 | J38: =J37 -> 0 | K38: =K37 -> 1 | L38: =G38*I38 -> 0 | M38: =M37 -> 0 | O38: {=IFERROR(_xlfn.IFS(O37="Не работал по уважительной причине","Не работал по уважительной причине",O37="На учебе","На учебе",O37="На больничном","На больничном",O37="Выходной","Выходной", O37="Не работал по неуважительной причине","Не работал по неуважительной причине"),"")} -> Не работал по уважительной причине
A39: 8
A40: 8
A41: 9 | C41: Зиннатуллин Ильяр | D41: ГАЗ-53/пожарный | F41: =CONCATENATE(F42," \ ",F43) -> \ | I41: =SUM(I42:I44) -> 0 | J41: =I41 -> 0 | K41: 1 | L41: =SUM(L42:L44) -> 0 | M41: =L41 -> 0 | N41: 0 | O41: Не работал по уважительной причине
A42: 9 | B42: 84AC-63E7-9D34-A357 | C42: Зиннатуллин Ильяр | D42: ГАЗ-53/пожарный | J42: =J41 -> 0 | K42: =K41 -> 1 | L42: =G42*I42 -> 0 | M42: =M41 -> 0 | O42: {=IFERROR(_xlfn.IFS(O41="Не работал по уважительной причине","Не работал по уважительной причине",O41="На учебе","На учебе",O41="На больничном","На больничном",O41="Выходной","Выходной", O41="Не работал по неуважительной причине","Не работал по неуважительной причине"),"")} -> Не работал по уважительной причине
A43: 9
A44: 9
A45: 10 | C45: Гарипов Айрат | D45: МТЗ-1221 | F45: =CONCATENATE(F46," \ ",F47) -> раздача кормов \ измельчение соломы | I45: =SUM(I46:I48) -> 10 | J45: =I45 -> 10 | K45: 1 | L45: =SUM(L46:L48) -> 2440 | M45: =L45 -> 2440 | N45: 0
A46: 10 | B46: 557B-25FB-94EC-6C71 | C46: Гарипов Айрат | D46: МТЗ-1221 | F46: раздача кормов | G46: 230 | H46: 8 | I46: 8 | J46: =J45 -> 10 | K46: =K45 -> 1 | L46: =G46*H46 -> 1840 | M46: =M45 -> 2440 | O46: {=IFERROR(_xlfn.IFS(O45="Не работал по уважительной причине","Не работал по уважительной причине",O45="На учебе","На учебе",O45="На больничном","На больничном",O45="Выходной","Выходной", O45="Не работал по неуважительной причине","Не работал по неуважительной причине"),"")}
A47: 10 | B47: 557B-25FB-94EC-6C71 | C47: Гарипов Айрат | D47: МТЗ-1221 | F47: измельчение соломы | G47: 300 | H47: 2 | L47: =G47*H47 -> 600
A48: 10 | I48: 2
A49: 11 | C49: Даминов Алмаз | D49: МТЗ-1221 | F49: =CONCATENATE(F50," \ ",F51) -> раздача кормов \ перемещение силоса | I49: =SUM(I50:I52) -> 11 | J49: =I49 -> 11 | K49: 1 | L49: =SUM(L50:L52) -> 2890 | M49: =L49 -> 2890 | N49: 0
A50: 11 | B50: FDCD-507C-3A15-AE14 | C50: Даминов Алмаз | D50: МТЗ-1221 | F50: раздача кормов | G50: 230 | H50: 8 | I50: 8 | J50: =J49 -> 11 | K50: =K49 -> 1 | L50: =G50*H50 -> 1840 | M50: =M49 -> 2890 | O50: {=IFERROR(_xlfn.IFS(O49="Не работал по уважительной причине","Не работал по уважительной причине",O49="На учебе","На учебе",O49="На больничном","На больничном",O49="Выходной","Выходной", O49="Не работал по неуважительной причине","Не работал по неуважительной причине"),"")}
A51: 11 | B51: FDCD-507C-3A15-AE14 | C51: Даминов Алмаз | D51: МТЗ-1221 | F51: перемещение силоса | G51: 350 | H51: 3 | I51: 3 | L51: =G51*H51 -> 1050
A52: 11
A53: 12 | C53: Сибгатуллин Ренат | D53: МТЗ-1221 | F53: =CONCATENATE(F54," \ ",F55) -> \ | I53: =SUM(I54:I56) -> 0 | J53: =I53 -> 0 | K53: 0 | L53: =SUM(L54:L56) -> 0 | M53: =L53 -> 0 | N53: 0 | O53: Не работал по уважительной причине
A54: 12 | B54: 5D9A-F109-F9E7-3E5D | C54: Сибгатуллин Ренат | D54: МТЗ-1221 | J54: =J53 -> 0 | K54: =K53 -> 0 | M54: =M53 -> 0 | O54: {=IFERROR(_xlfn.IFS(O53="Не работал по уважительной причине","Не работал по уважительной причине",O53="На учебе","На учебе",O53="На больничном","На больничном",O53="Выходной","Выходной", O53="Не работал по неуважительной причине","Не работал по неуважительной причине"),"")} -> Не работал по уважительной причине
A55: 12
A56: 12
A57: 13 | C57: Марданов Ильнур | D57: Ягуар | F57: =CONCATENATE(F58," \ ",F59) -> ремонт большого ТС \ | I57: =SUM(I58:I60) -> 8 | J57: =I57 -> 8 | K57: 0 | L57: =SUM(L58:L60) -> 1600 | M57: =L57 -> 1600 | N57: 0
A58: 13 | B58: DF4D-FC93-8A9F-97B9 | C58: Марданов Ильнур | D58: Ягуар | F58: ремонт большого ТС | G58: 200 | H58: 8 | I58: 8 | J58: =J57 -> 8 | K58: =K57 -> 0 | L58: =G58*I58 -> 1600 | M58: =M57 -> 1600 | O58: {=IFERROR(_xlfn.IFS(O57="Не работал по уважительной причине","Не работал по уважительной причине",O57="На учебе","На учебе",O57="На больничном","На больничном",O57="Выходной","Выходной", O57="Не работал по неуважительной причине","Не работал по неуважительной причине"),"")}
A59: 13
A60: 13
A61: 14 | C61: Марданов Газинур | D61: МТЗ-1221 | F61: =CONCATENATE(F62," \ ",F63) -> вывоз жижи бочка 10т \ | I61: =SUM(I62:I64) -> 9 | J61: =I61 -> 9 | K61: 1 | L61: =SUM(L62:L64) -> 1380 | M61: =L61 -> 1380 | N61: 0
A62: 14 | B62: 7D6E-C387-6D53-EB81 | C62: Марданов Газинур | D62: МТЗ-1221 | F62: вывоз жижи бочка 10т | G62: 230 | H62: 6 | I62: 9 | J62: =J61 -> 9 | K62: =K61 -> 1 | L62: =G62*H62 -> 1380 | M62: =M61 -> 1380 | O62: {=IFERROR(_xlfn.IFS(O61="Не работал по уважительной причине","Не работал по уважительной причине",O61="На учебе","На учебе",O61="На больничном","На больничном",O61="Выходной","Выходной", O61="Не работал по неуважительной причине","Не работал по неуважительной причине"),"")}
A63: 14
A64: 14
A65: 15 | C65: Гилязутдинов Равис | D65: МТЗ-1221 | F65: =CONCATENATE(F66," \ ",F67) -> вывоз жижи бочка 5т \ | I65: =SUM(I66:I68) -> 10 | J65: =I65 -> 10 | K65: 1 | L65: =SUM(L66:L68) -> 1260 | M65: =L65 -> 1260 | N65: 1
A66: 15 | B66: A7DC-C920-DF83-2135 | C66: Гилязутдинов Равис | D66: МТЗ-1221 | F66: вывоз жижи бочка 5т | G66: 210 | H66: 6 | I66: 10 | J66: =J65 -> 10 | K66: =K65 -> 1 | L66: =G66*H66 -> 1260 | M66: =M65 -> 1260 | O66: {=IFERROR(_xlfn.IFS(O65="Не работал по уважительной причине","Не работал по уважительной причине",O65="На учебе","На учебе",O65="На больничном","На больничном",O65="Выходной","Выходной", O65="Не работал по неуважительной причине","Не работал по неуважительной причине"),"")}
A67: 15
A68: 15
A69: 16 | C69: Идрисов Фанис | D69: МТЗ-1221 | F69: =CONCATENATE(F70," \ ",F71) -> \ | I69: =SUM(I70:I72) -> 0 | J69: =I69 -> 0 | K69: 0 | L69: =SUM(L70:L72) -> 0 | M69: =L69 -> 0 | N69: 0 | O69: На больничном
A70: 16 | B70: 88F9-5D77-620C-6724 | C70: Идрисов Фанис | D70: МТЗ-1221 | J70: =J69 -> 0 | K70: =K69 -> 0 | L70: =G70*I70 -> 0 | M70: =M69 -> 0 | O70: {=IFERROR(_xlfn.IFS(O69="Не работал по уважительной причине","Не работал по уважительной причине",O69="На учебе","На учебе",O69="На больничном","На больничном",O69="Выходной","Выходной", O69="Не работал по неуважительной причине","Не работал по неуважительной причине"),"")} -> На больничном
A71: 16
A72: 16
A73: 17 | C73: Бурганов Ильдус | D73: МТЗ-1221 | F73: =CONCATENATE(F74," \ ",F75) -> \ | I73: =SUM(I74:I76) -> 0 | J73: =I73 -> 0 | K73: 0 | L73: =SUM(L74:L76) -> 0 | M73: =L73 -> 0 | N73: 0 | O73: Не работал по уважительной причине
A74: 17 | B74: B9AE-D68F-9D53-65BF | C74: Бурганов Ильдус | D74: МТЗ-1221 | J74: =J73 -> 0 | K74: =K73 -> 0 | M74: =M73 -> 0 | O74: {=IFERROR(_xlfn.IFS(O73="Не работал по уважительной причине","Не работал по уважительной причине",O73="На учебе","На учебе",O73="На больничном","На больничном",O73="Выходной","Выходной", O73="Не работал по неуважительной причине","Не работал по неуважительной причине"),"")} -> Не работал по уважительной причине
A75: 17
A76: 17
A77: 18 | C77: Зиннатуллин Ильнар | D77: МТЗ-82/К-742 | F77: =CONCATENATE(F78," \ ",F79) -> \ | I77: =SUM(I78:I80) -> 0 | J77: =I77 -> 0 | K77: 0 | L77: =SUM(L78:L80) -> 0 | M77: =L77 -> 0 | N77: 0 | O77: Не работал по уважительной причине
A78: 18 | B78: 895A-537E-1E32-5C42 | C78: Зиннатуллин Ильнар | J78: =J77 -> 0 | K78: =K77 -> 0 | M78: =M77 -> 0 | O78: {=IFERROR(_xlfn.IFS(O77="Не работал по уважительной причине","Не работал по уважительной причине",O77="На учебе","На учебе",O77="На больничном","На больничном",O77="Выходной","Выходной", O77="Не работал по неуважительной причине","Не работал по неуважительной причине"),"")} -> Не работал по уважительной причине
A79: 18
A80: 18
A81: 19 | C81: Гарипов Радиф | D81: МТЗ-82 | F81: =CONCATENATE(F82," \ ",F83) -> раздача кормов \ | I81: =SUM(I82:I84) -> 7.4 | J81: =I81 -> 7.4 | K81: 1 | L81: =SUM(L82:L84) -> 1702 | M81: =L81 -> 1702 | N81: 0
A82: 19 | B82: 11F9-D23E-3538-3F4A | C82: Гарипов Радиф | D82: МТЗ-82 | F82: раздача кормов | G82: 230 | H82: 7.4 | I82: 7.4 | J82: =J81 -> 7.4 | K82: =K81 -> 1 | L82: =G82*H82 -> 1702 | M82: =M81 -> 1702 | O82: {=IFERROR(_xlfn.IFS(O81="Не работал по уважительной причине","Не работал по уважительной причине",O81="На учебе","На учебе",O81="На больничном","На больничном",O81="Выходной","Выходной", O81="Не работал по неуважительной причине","Не работал по неуважительной причине"),"")}
A83: 19
A84: 19
A85: 20 | C85: Гарипов Ленар | D85: МТЗ-82 КУН | F85: =CONCATENATE(F86," \ ",F87) -> сбор кормовых отходов \ | I85: =SUM(I86:I88) -> 3 | J85: =I85 -> 3 | K85: 1 | L85: =SUM(L86:L88) -> 900 | M85: =L85 -> 900 | N85: 0
A86: 20 | B86: 4B06-16A7-C3EC-BD38 | C86: Гарипов Ленар | D86: МТЗ-82 КУН | F86: сбор кормовых отходов | G86: 300 | H86: 3 | I86: 3 | J86: =J85 -> 3 | K86: =K85 -> 1 | L86: =G86*H86 -> 900 | M86: =M85 -> 900 | O86: {=IFERROR(_xlfn.IFS(O85="Не работал по уважительной причине","Не работал по уважительной причине",O85="На учебе","На учебе",O85="На больничном","На больничном",O85="Выходной","Выходной", O85="Не работал по неуважительной причине","Не работал по неуважительной причине"),"")}
A87: 20
A88: 20
A89: 21 | C89: Гилязов Фариль | D89: МТЗ-82 | F89: =CONCATENATE(F90," \ ",F91) -> толкание навоза в комплексе \ | I89: =SUM(I90:I92) -> 8 | J89: =I89 -> 8 | K89: 1 | L89: =SUM(L90:L92) -> 2400 | M89: =L89 -> 2400 | N89: 0
A90: 21 | B90: 817F-F658-F3DC-8743 | C90: Гилязов Фариль | D90: МТЗ-82 | F90: толкание навоза в комплексе | G90: 300 | H90: 8 | I90: 8 | J90: =J89 -> 8 | K90: =K89 -> 1 | L90: =G90*H90 -> 2400 | M90: =M89 -> 2400 | O90: {=IFERROR(_xlfn.IFS(O89="Не работал по уважительной причине","Не работал по уважительной причине",O89="На учебе","На учебе",O89="На больничном","На больничном",O89="Выходной","Выходной", O89="Не работал по неуважительной причине","Не работал по неуважительной причине"),"")}
A91: 21
A92: 21
A93: 22 | C93: Гиззатуллин Ленар | D93: МТЗ-82 | F93: =CONCATENATE(F94," \ ",F95) -> вывоз жижи бочка 5т \ почасовая работа в комплексе | I93: =SUM(I94:I96) -> 11.6 | J93: =I93 -> 11.6 | K93: 1 | L93: =SUM(L94:L96) -> 2300 | M93: =L93 -> 2300 | N93: 0
A94: 22 | B94: CE5E-C0B1-ECF7-7E68 | C94: Гиззатуллин Ленар | D94: МТЗ-82 | F94: вывоз жижи бочка 5т | G94: 210 | H94: 5 | I94: 5 | J94: =J93 -> 11.6 | K94: =K93 -> 1 | L94: =G94*H94 -> 1050 | M94: =M93 -> 2300 | O94: {=IFERROR(_xlfn.IFS(O93="Не работал по уважительной причине","Не работал по уважительной причине",O93="На учебе","На учебе",O93="На больничном","На больничном",O93="Выходной","Выходной", O93="Не работал по неуважительной причине","Не работал по неуважительной причине"),"")}
A95: 22 | B95: CE5E-C0B1-ECF7-7E68 | C95: Гиззатуллин Ленар | D95: МТЗ-82 | F95: почасовая работа в комплексе | G95: 250 | H95: 2.6 | I95: 2.6 | L95: =G95*H95 -> 650
A96: 22 | B96: CE5E-C0B1-ECF7-7E68 | C96: Гиззатуллин Ленар | D96: МТЗ-82 | F96: ремонт среднего ТС | G96: 150 | H96: 4 | I96: 4 | L96: =G96*H96 -> 600
A97: 23 | C97: Загидуллин Рустам | D97: КЛААС/БАРС | F97: =CONCATENATE(F98," \ ",F99) -> ремонт большого ТС \ | I97: =SUM(I98:I100) -> 8 | J97: =I97 -> 8 | K97: 1 | L97: =SUM(L98:L100) -> 1600 | M97: =L97 -> 1600 | N97: 1
A98: 23 | B98: 34C9-6EBA-DC9E-D139 | C98: Загидуллин Рустам | D98: КЛААС | F98: ремонт большого ТС | G98: 200 | H98: 8 | I98: 8 | J98: =J97 -> 8 | K98: =K97 -> 1 | L98: =G98*H98 -> 1600 | M98: =M97 -> 1600 | O98: {=IFERROR(_xlfn.IFS(O97="Не работал по уважительной причине","Не работал по уважительной причине",O97="На учебе","На учебе",O97="На больничном","На больничном",O97="Выходной","Выходной", O97="Не работал по неуважительной причине","Не работал по неуважительной причине"),"")}
A99: 23
A100: 23
A101: 24 | C101: Загидуллин Радис | D101: КЛААС/JSB | F101: =CONCATENATE(F102," \ ",F103) -> ремонт среднего ТС \ работа в зернотоке | I101: =SUM(I102:I104) -> 8 | J101: =I101 -> 8 | K101: 1 | L101: =SUM(L102:L104) -> 1600 | M101: =L101 -> 1600 | N101: 0
A102: 24 | B102: D665-2E72-64A7-42DA | C102: Загидуллин Радис | D102: JSB | F102: ремонт среднего ТС | G102: 150 | H102: 4 | I102: 4 | J102: =J101 -> 8 | K102: =K101 -> 1 | L102: =G102*H102 -> 600 | M102: =M101 -> 1600 | O102: {=IFERROR(_xlfn.IFS(O101="Не работал по уважительной причине","Не работал по уважительной причине",O101="На учебе","На учебе",O101="На больничном","На больничном",O101="Выходной","Выходной", O101="Не работал по неуважительной причине","Не работал по неуважительной причине"),"")}
A103: 24 | B103: D665-2E72-64A7-42DA | C103: Загидуллин Радис | D103: JSB | F103: работа в зернотоке | G103: 250 | H103: 4 | I103: 4 | L103: =G103*H103 -> 1000
...

Sheet 02.07.2025
B2: ООО Шахтер | E2: Памятка по цветам
B3: Дата | C3: 45840 | E3: Столбец/строка с критической для работы информацией | F3: Используется в критичной для работы программы логике, должна быть заполнена корректно
E4: Столбец с информацией для генерации отчета | F4: Используется для генерации отчета (Наличие корректной информации отвечает за полноценность информации отчета и не критично)
E5: Мультиполя | F5: Могут быть корректно обработаны в случае нескольких работ у 1 человека. (Имеет смысл указывать только желтые и оранжевые поля для вторых и последующих вхождений одного и того же ID)
A8: № | B8: ID | C8: ФИО | D8: Вид техники | E8: Комментарии | F8: Вид работы | G8: Расценка | H8: Кол-во рейсов/час/га/рулонов/тонн-км | I8: Отработано, часов | J8: Общее кол-во часов | K8: Общее кол-во дней | L8: Сумма за день | M8: Сумма за месяц | N8: Общее кол-во дней ремонта | O8: Причина отсут.на раб.месте
A9: 1 | C9: Сибгатуллин Ильшат | D9: КАМАЗ | F9: =CONCATENATE(F10," \ ",F11," \ ",F12) -> Перемещение разных товаров с прицепом \ Ожидание во время рейса \ | I9: =SUM(I10:I12) -> 8 | J9: ='01.07.2025'!J9+I9 -> 16 | K9: =IF(I9>0,'01.07.2025'!K9+1,'01.07.2025'!K9) -> 2 | L9: =SUM(L10:L12) -> 4515.2 | M9: ='01.07.2025'!M9+L9 -> 8571.2 | N9: 0
A10: 1 | B10: B321-4958-B09E-D1C4 | C10: Сибгатуллин Ильшат | D10: КАМАЗ | F10: Перемещение разных товаров с прицепом | G10: 2.16 | H10: 1720 | I10: 4 | J10: =J9 -> 16 | K10: =K9 -> 2 | L10: =G10*H10 -> 3715.2 | M10: =M9 -> 8571.2 | O10: {=IFERROR(_xlfn.IFS(O9="Не работал по уважительной причине","Не работал по уважительной причине",O9="На учебе","На учебе",O9="На больничном","На больничном",O9="Выходной","Выходной", O9="Не работал по неуважительной причине","Не работал по неуважительной причине"),"")}
A11: 1 | B11: B321-4958-B09E-D1C4 | C11: Сибгатуллин Ильшат | D11: КАМАЗ | F11: Ожидание во время рейса | G11: 200 | H11: 4 | I11: 4 | L11: =G11*H11 -> 800
A12: 1
A13: 2 | C13: Хакимов Алмаз | D13: КАМАЗ | F13: =CONCATENATE(F14," \ ",F15," \ ",F16) -> \ \ | I13: =SUM(I14:I16) -> 0 | J13: ='01.07.2025'!J13+I13 -> 4 | K13: =IF(I13>0,'01.07.2025'!K13+1,'01.07.2025'!K13) -> 1 | L13: =SUM(L14:L16) -> 0 | M13: ='01.07.2025'!M13+L13 -> 864 | N13: 0 | O13: Не работал по уважительной причине
A14: 2 | B14: F81C-A5F6-75F0-A039 | C14: Хакимов Алмаз | D14: КАМАЗ | J14: =J13 -> 4 | K14: =K13 -> 1 | L14: =G14*H14 -> 0 | M14: =M13 -> 864 | O14: {=IFERROR(_xlfn.IFS(O13="Не работал по уважительной причине","Не работал по уважительной причине",O13="На учебе","На учебе",O13="На больничном","На больничном",O13="Выходной","Выходной", O13="Не работал по неуважительной причине","Не работал по неуважительной причине"),"")} -> Не работал по уважительной причине
A15: 2
A16: 2
A17: 3 | C17: Шакиров Алмаз | D17: КАМАЗ | F17: =CONCATENATE(F18," \ ",F19," \ ",F20) -> ремонт среднего ТС \ \ | I17: =SUM(I18:I20) -> 8 | J17: ='01.07.2025'!J17+I17 -> 16 | K17: =IF(I17>0,'01.07.2025'!K17+1,'01.07.2025'!K17) -> 2 | L17: =SUM(L18:L20) -> 1200 | M17: ='01.07.2025'!M17+L17 -> 2400 | N17: 2
A18: 3 | B18: B132-B3D7-F67D-21D6 | C18: Шакиров Алмаз | D18: КАМАЗ | F18: ремонт среднего ТС | G18: 150 | H18: 8 | I18: 8 | J18: =J17 -> 16 | K18: =K17 -> 2 | L18: =G18*H18 -> 1200 | M18: =M17 -> 2400 | O18: {=IFERROR(_xlfn.IFS(O17="Не работал по уважительной причине","Не работал по уважительной причине",O17="На учебе","На учебе",O17="На больничном","На больничном",O17="Выходной","Выходной", O17="Не работал по неуважительной причине","Не работал по неуважительной причине"),"")}
A19: 3
A20: 3
A21: 4 | C21: Хакимуллин Алмаз | D21: КАМАЗ | F21: =CONCATENATE(F22," \ ",F23," \ ",F24) -> ремонт среднего ТС \ \ | I21: =SUM(I22:I24) -> 8 | J21: ='01.07.2025'!J21+I21 -> 16 | K21: =IF(I21>0,'01.07.2025'!K21+1,'01.07.2025'!K21) -> 2 | L21: =SUM(L22:L24) -> 1200 | M21: ='01.07.2025'!M21+L21 -> 5169.6 | N21: 1
A22: 4 | B22: 1EEC-A4AA-2E5F-816A | C22: Хакимуллин Алмаз | D22: КАМАЗ | F22: ремонт среднего ТС | G22: 150 | H22: 8 | I22: 8 | J22: =J21 -> 16 | K22: =K21 -> 2 | L22: =G22*H22 -> 1200 | M22: =M21 -> 5169.6 | O22: {=IFERROR(_xlfn.IFS(O21="Не работал по уважительной причине","Не работал по уважительной причине",O21="На учебе","На учебе",O21="На больничном","На больничном",O21="Выходной","Выходной", O21="Не работал по неуважительной причине","Не работал по неуважительной причине"),"")}
A23: 4 | L23: =G23*H23 -> 0
A24: 4
A25: 5 | C25: Гилязов Марат | D25: КАМАЗ | F25: =CONCATENATE(F26," \ ",F27," \ ",F28) -> ремонт большого ТС \ \ | I25: =SUM(I26:I28) -> 8 | J25: ='01.07.2025'!J25+I25 -> 16 | K25: =IF(I25>0,'01.07.2025'!K25+1,'01.07.2025'!K25) -> 2 | L25: =SUM(L26:L28) -> 1600 | M25: ='01.07.2025'!M25+L25 -> 3200 | N25: 0
A26: 5 | B26: 9B87-3AB6-19F1-3F4F | C26: Гилязов Марат | D26: Ягуар | F26: ремонт большого ТС | G26: 200 | H26: 8 | I26: 8 | J26: =J25 -> 16 | K26: =K25 -> 2 | L26: =G26*H26 -> 1600 | M26: =M25 -> 3200 | O26: {=IFERROR(_xlfn.IFS(O25="Не работал по уважительной причине","Не работал по уважительной причине",O25="На учебе","На учебе",O25="На больничном","На больничном",O25="Выходной","Выходной", O25="Не работал по неуважительной причине","Не работал по неуважительной причине"),"")}
A27: 5
A28: 5
A29: 6 | C29: Самигуллин Марат | D29: КАМАЗ | F29: =CONCATENATE(F30," \ ",F31," \ ",F32) -> ремонт среднего ТС \ Перемещение разных товаров без прицепа \ Ожидание во время рейса | I29: =SUM(I30:I32) -> 9 | J29: ='01.07.2025'!J29+I29 -> 17 | K29: =IF(I29>0,'01.07.2025'!K29+1,'01.07.2025'!K29) -> 2 | L29: =SUM(L30:L32) -> 2296 | M29: ='01.07.2025'!M29+L29 -> 3496 | N29: 0
A30: 6 | B30: DB23-B6ED-A237-F7F2 | C30: Самигуллин Марат | D30: КАМАЗ | F30: ремонт среднего ТС | G30: 150 | H30: 4 | I30: 4 | J30: =J29 -> 17 | K30: =K29 -> 2 | L30: =G30*H30 -> 600 | M30: =M29 -> 3496 | O30: {=IFERROR(_xlfn.IFS(O29="Не работал по уважительной причине","Не работал по уважительной причине",O29="На учебе","На учебе",O29="На больничном","На больничном",O29="Выходной","Выходной", O29="Не работал по неуважительной причине","Не работал по неуважительной причине"),"")}
A31: 6 | B31: DB23-B6ED-A237-F7F2 | C31: Самигуллин Марат | D31: КАМАЗ | F31: Перемещение разных товаров без прицепа | G31: 2.16 | H31: 600 | I31: 3 | L31: =G31*H31 -> 1296
A32: 6 | B32: DB23-B6ED-A237-F7F2 | C32: Самигуллин Марат | D32: КАМАЗ | F32: Ожидание во время рейса | G32: 200 | H32: 2 | I32: 2 | L32: =G32*H32 -> 400
A33: 7 | C33: Хуснутдинов Рамиль | D33: КАМАЗ | F33: =CONCATENATE(F34," \ ",F35," \ ",F36) -> работа в зернотоке \ \ | I33: =SUM(I34:I36) -> 7 | J33: ='01.07.2025'!J33+I33 -> 15 | K33: =IF(I33>0,'01.07.2025'!K33+1,'01.07.2025'!K33) -> 2 | L33: =SUM(L34:L36) -> 1750 | M33: ='01.07.2025'!M33+L33 -> 5206 | N33: 0
A34: 7 | B34: 826C-55E4-ED1D-8549 | C34: Хуснутдинов Рамиль | D34: КАМАЗ | F34: работа в зернотоке | G34: 250 | H34: 7 | I34: 7 | J34: =J33 -> 15 | K34: =K33 -> 2 | L34: =G34*H34 -> 1750 | M34: =M33 -> 5206 | O34: {=IFERROR(_xlfn.IFS(O33="Не работал по уважительной причине","Не работал по уважительной причине",O33="На учебе","На учебе",O33="На больничном","На больничном",O33="Выходной","Выходной", O33="Не работал по неуважительной причине","Не работал по неуважительной причине"),"")}
A35: 7
A36: 7
A37: 8 | C37: Сафиуллин Фердинант | D37: К-744 | F37: =CONCATENATE(F38," \ ",F39," \ ",F40) -> \ \ | I37: =SUM(I38:I40) -> 0 | J37: ='01.07.2025'!J37+I37 -> 0 | K37: =IF(I37>0,'01.07.2025'!K37+1,'01.07.2025'!K37) -> 1 | L37: =SUM(L38:L40) -> 0 | M37: ='01.07.2025'!M37+L37 -> 0 | N37: 0 | O37: Не работал по уважительной причине
A38: 8 | B38: A70E-55AE-4C30-61A5 | C38: Сафиуллин Фердинант | D38: К-744 | J38: =J37 -> 0 | K38: =K37 -> 1 | L38: =G38*I38 -> 0 | M38: =M37 -> 0 | O38: {=IFERROR(_xlfn.IFS(O37="Не работал по уважительной причине","Не работал по уважительной причине",O37="На учебе","На учебе",O37="На больничном","На больничном",O37="Выходной","Выходной", O37="Не работал по неуважительной причине","Не работал по неуважительной причине"),"")} -> Не работал по уважительной причине
A39: 8
A40: 8
A41: 9 | C41: Зиннатуллин Ильяр | D41: ГАЗ-53/пожарный | F41: =CONCATENATE(F42," \ ",F43," \ ",F44) -> \ \ | I41: =SUM(I42:I44) -> 0 | J41: ='01.07.2025'!J41+I41 -> 0 | K41: =IF(I41>0,'01.07.2025'!K41+1,'01.07.2025'!K41) -> 1 | L41: =SUM(L42:L44) -> 0 | M41: ='01.07.2025'!M41+L41 -> 0 | N41: 0 | O41: Не работал по уважительной причине
A42: 9 | B42: 84AC-63E7-9D34-A357 | C42: Зиннатуллин Ильяр | D42: ГАЗ-53/пожарный | J42: =J41 -> 0 | K42: =K41 -> 1 | L42: =G42*I42 -> 0 | M42: =M41 -> 0 | O42: {=IFERROR(_xlfn.IFS(O41="Не работал по уважительной причине","Не работал по уважительной причине",O41="На учебе","На учебе",O41="На больничном","На больничном",O41="Выходной","Выходной", O41="Не работал по неуважительной причине","Не работал по неуважительной причине"),"")} -> Не работал по уважительной причине
A43: 9
A44: 9
A45: 10 | C45: Гарипов Айрат | D45: МТЗ-1221 | F45: =CONCATENATE(F46," \ ",F47," \ ",F48) -> раздача кормов \ перемещение силоса \ | I45: =SUM(I46:I48) -> 11 | J45: ='01.07.2025'!J45+I45 -> 21 | K45: =IF(I45>0,'01.07.2025'!K45+1,'01.07.2025'!K45) -> 2 | L45: =SUM(L46:L48) -> 2890 | M45: ='01.07.2025'!M45+L45 -> 5330 | N45: 0
A46: 10 | B46: 557B-25FB-94EC-6C71 | C46: Гарипов Айрат | D46: МТЗ-1221 | F46: раздача кормов | G46: 230 | H46: 8 | I46: 8 | J46: =J45 -> 21 | K46: =K45 -> 2 | L46: =G46*H46 -> 1840 | M46: =M45 -> 5330 | O46: {=IFERROR(_xlfn.IFS(O45="Не работал по уважительной причине","Не работал по уважительной причине",O45="На учебе","На учебе",O45="На больничном","На больничном",O45="Выходной","Выходной", O45="Не работал по неуважительной причине","Не работал по неуважительной причине"),"")}
A47: 10 | B47: 557B-25FB-94EC-6C71 | C47: Гарипов Айрат | D47: МТЗ-1221 | F47: перемещение силоса | G47: 350 | H47: 3 | I47: 3 | L47: =G47*H47 -> 1050
A48: 10
A49: 11 | C49: Даминов Алмаз | D49: МТЗ-1221 | F49: =CONCATENATE(F50," \ ",F51," \ ",F52) -> раздача кормов \ перемещение силоса \ ремонт среднего ТС | I49: =SUM(I50:I52) -> 12 | J49: ='01.07.2025'!J49+I49 -> 23 | K49: =IF(I49>0,'01.07.2025'!K49+1,'01.07.2025'!K49) -> 2 | L49: =SUM(L50:L52) -> 2740 | M49: ='01.07.2025'!M49+L49 -> 5630 | N49: 0
A50: 11 | B50: FDCD-507C-3A15-AE14 | C50: Даминов Алмаз | D50: МТЗ-1221 | F50: раздача кормов | G50: 230 | H50: 8 | I50: 8 | J50: =J49 -> 23 | K50: =K49 -> 2 | L50: =G50*H50 -> 1840 | M50: =M49 -> 5630 | O50: {=IFERROR(_xlfn.IFS(O49="Не работал по уважительной причине","Не работал по уважительной причине",O49="На учебе","На учебе",O49="На больничном","На больничном",O49="Выходной","Выходной", O49="Не работал по неуважительной причине","Не работал по неуважительной причине"),"")}
A51: 11 | B51: FDCD-507C-3A15-AE14 | C51: Даминов Алмаз | D51: МТЗ-1221 | F51: перемещение силоса | G51: 300 | H51: 2 | I51: 2 | L51: =G51*H51 -> 600
A52: 11 | B52: FDCD-507C-3A15-AE14 | C52: Даминов Алмаз | D52: МТЗ-1221 | F52: ремонт среднего ТС | G52: 150 | H52: 2 | I52: 2 | L52: =G52*H52 -> 300
A53: 12 | C53: Сибгатуллин Ренат | D53: МТЗ-1221 | F53: =CONCATENATE(F54," \ ",F55," \ ",F56) -> \ \ | I53: =SUM(I54:I56) -> 0 | J53: ='01.07.2025'!J53+I53 -> 0 | K53: =IF(I53>0,'01.07.2025'!K53+1,'01.07.2025'!K53) -> 0 | L53: =SUM(L54:L56) -> 0 | M53: ='01.07.2025'!M53+L53 -> 0 | N53: 0 | O53: Не работал по уважительной причине
A54: 12 | B54: 5D9A-F109-F9E7-3E5D | C54: Сибгатуллин Ренат | D54: МТЗ-1221 | J54: =J53 -> 0 | K54: =K53 -> 0 | M54: =M53 -> 0 | O54: {=IFERROR(_xlfn.IFS(O53="Не работал по уважительной причине","Не работал по уважительной причине",O53="На учебе","На учебе",O53="На больничном","На больничном",O53="Выходной","Выходной", O53="Не работал по неуважительной причине","Не работал по неуважительной причине"),"")} -> Не работал по уважительной причине
A55: 12
A56: 12
A57: 13 | C57: Марданов Ильнур | D57: Ягуар | F57: =CONCATENATE(F58," \ ",F59," \ ",F60) -> ремонт большого ТС \ \ | I57: =SUM(I58:I60) -> 8 | J57: ='01.07.2025'!J57+I57 -> 16 | K57: =IF(I57>0,'01.07.2025'!K57+1,'01.07.2025'!K57) -> 1 | L57: =SUM(L58:L60) -> 1600 | M57: ='01.07.2025'!M57+L57 -> 3200 | N57: 0
A58: 13 | B58: DF4D-FC93-8A9F-97B9 | C58: Марданов Ильнур | D58: Ягуар | F58: ремонт большого ТС | G58: 200 | H58: 8 | I58: 8 | J58: =J57 -> 16 | K58: =K57 -> 1 | L58: =G58*I58 -> 1600 | M58: =M57 -> 3200 | O58: {=IFERROR(_xlfn.IFS(O57="Не работал по уважительной причине","Не работал по уважительной причине",O57="На учебе","На учебе",O57="На больничном","На больничном",O57="Выходной","Выходной", O57="Не работал по неуважительной причине","Не работал по неуважительной причине"),"")}
A59: 13
A60: 13
A61: 14 | C61: Марданов Газинур | D61: МТЗ-1221 | F61: =CONCATENATE(F62," \ ",F63," \ ",F64) -> вывоз жижи бочка 10т \ \ | I61: =SUM(I62:I64) -> 8 | J61: ='01.07.2025'!J61+I61 -> 17 | K61: =IF(I61>0,'01.07.2025'!K61+1,'01.07.2025'!K61) -> 2 | L61: =SUM(L62:L64) -> 1150 | M61: ='01.07.2025'!M61+L61 -> 2530 | N61: 0
A62: 14 | B62: 7D6E-C387-6D53-EB81 | C62: Марданов Газинур | D62: МТЗ-1221 | F62: вывоз жижи бочка 10т | G62: 230 | H62: 5 | I62: 8 | J62: =J61 -> 17 | K62: =K61 -> 2 | L62: =G62*H62 -> 1150 | M62: =M61 -> 2530 | O62: {=IFERROR(_xlfn.IFS(O61="Не работал по уважительной причине","Не работал по уважительной причине",O61="На учебе","На учебе",O61="На больничном","На больничном",O61="Выходной","Выходной", O61="Не работал по неуважительной причине","Не работал по неуважительной причине"),"")}
A63: 14
A64: 14
A65: 15 | C65: Гилязутдинов Равис | D65: МТЗ-1221 | F65: =CONCATENATE(F66," \ ",F67," \ ",F68) -> вывоз жижи бочка 5т \ \ | I65: =SUM(I66:I68) -> 10 | J65: ='01.07.2025'!J65+I65 -> 20 | K65: =IF(I65>0,'01.07.2025'!K65+1,'01.07.2025'!K65) -> 2 | L65: =SUM(L66:L68) -> 1260 | M65: ='01.07.2025'!M65+L65 -> 2520 | N65: 1
A66: 15 | B66: A7DC-C920-DF83-2135 | C66: Гилязутдинов Равис | D66: МТЗ-1221 | F66: вывоз жижи бочка 5т | G66: 210 | H66: 6 | I66: 10 | J66: =J65 -> 20 | K66: =K65 -> 2 | L66: =G66*H66 -> 1260 | M66: =M65 -> 2520 | O66: {=IFERROR(_xlfn.IFS(O65="Не работал по уважительной причине","Не работал по уважительной причине",O65="На учебе","На учебе",O65="На больничном","На больничном",O65="Выходной","Выходной", O65="Не работал по неуважительной причине","Не работал по неуважительной причине"),"")}
A67: 15
A68: 15
A69: 16 | C69: Идрисов Фанис | D69: МТЗ-1221 | F69: =CONCATENATE(F70," \ ",F71," \ ",F72) -> \ \ | I69: =SUM(I70:I72) -> 0 | J69: ='01.07.2025'!J69+I69 -> 0 | K69: =IF(I69>0,'01.07.2025'!K69+1,'01.07.2025'!K69) -> 0 | L69: =SUM(L70:L72) -> 0 | M69: ='01.07.2025'!M69+L69 -> 0 | N69: 0 | O69: На больничном
A70: 16 | B70: 88F9-5D77-620C-6724 | C70: Идрисов Фанис | D70: МТЗ-1221 | J70: =J69 -> 0 | K70: =K69 -> 0 | L70: =G70*I70 -> 0 | M70: =M69 -> 0 | O70: {=IFERROR(_xlfn.IFS(O69="Не работал по уважительной причине","Не работал по уважительной причине",O69="На учебе","На учебе",O69="На больничном","На больничном",O69="Выходной","Выходной", O69="Не работал по неуважительной причине","Не работал по неуважительной причине"),"")} -> На больничном
A71: 16
A72: 16
A73: 17 | C73: Бурганов Ильдус | D73: МТЗ-1221 | F73: =CONCATENATE(F74," \ ",F75," \ ",F76) -> \ \ | I73: =SUM(I74:I76) -> 0 | J73: ='01.07.2025'!J73+I73 -> 0 | K73: =IF(I73>0,'01.07.2025'!K73+1,'01.07.2025'!K73) -> 0 | L73: =SUM(L74:L76) -> 0 | M73: ='01.07.2025'!M73+L73 -> 0 | N73: 0 | O73: Не работал по уважительной причине
A74: 17 | B74: B9AE-D68F-9D53-65BF | C74: Бурганов Ильдус | D74: МТЗ-1221 | J74: =J73 -> 0 | K74: =K73 -> 0 | M74: =M73 -> 0 | O74: {=IFERROR(_xlfn.IFS(O73="Не работал по уважительной причине","Не работал по уважительной причине",O73="На учебе","На учебе",O73="На больничном","На больничном",O73="Выходной","Выходной", O73="Не работал по неуважительной причине","Не работал по неуважительной причине"),"")} -> Не работал по уважительной причине
A75: 17
A76: 17
A77: 18 | C77: Зиннатуллин Ильнар | D77: МТЗ-82/К-742 | F77: =CONCATENATE(F78," \ ",F79," \ ",F80) -> \ \ | I77: =SUM(I78:I80) -> 0 | J77: ='01.07.2025'!J77+I77 -> 0 | K77: =IF(I77>0,'01.07.2025'!K77+1,'01.07.2025'!K77) -> 0 | L77: =SUM(L78:L80) -> 0 | M77: ='01.07.2025'!M77+L77 -> 0 | N77: 0 | O77: Не работал по уважительной причине
A78: 18 | B78: 895A-537E-1E32-5C42 | C78: Зиннатуллин Ильнар | J78: =J77 -> 0 | K78: =K77 -> 0 | M78: =M77 -> 0 | O78: {=IFERROR(_xlfn.IFS(O77="Не работал по уважительной причине","Не работал по уважительной причине",O77="На учебе","На учебе",O77="На больничном","На больничном",O77="Выходной","Выходной", O77="Не работал по неуважительной причине","Не работал по неуважительной причине"),"")} -> Не работал по уважительной причине
A79: 18
A80: 18
A81: 19 | C81: Гарипов Радиф | D81: МТЗ-82 | F81: =CONCATENATE(F82," \ ",F83," \ ",F84) -> раздача кормов \ \ | I81: =SUM(I82:I84) -> 8 | J81: ='01.07.2025'!J81+I81 -> 15.4 | K81: =IF(I81>0,'01.07.2025'!K81+1,'01.07.2025'!K81) -> 2 | L81: =SUM(L82:L84) -> 1840 | M81: ='01.07.2025'!M81+L81 -> 3542 | N81: 0
A82: 19 | B82: 11F9-D23E-3538-3F4A | C82: Гарипов Радиф | D82: МТЗ-82 | F82: раздача кормов | G82: 230 | H82: 8 | I82: 8 | J82: =J81 -> 15.4 | K82: =K81 -> 2 | L82: =G82*H82 -> 1840 | M82: =M81 -> 3542 | O82: {=IFERROR(_xlfn.IFS(O81="Не работал по уважительной причине","Не работал по уважительной причине",O81="На учебе","На учебе",O81="На больничном","На больничном",O81="Выходной","Выходной", O81="Не работал по неуважительной причине","Не работал по неуважительной причине"),"")}
A83: 19
A84: 19
A85: 20 | C85: Гарипов Ленар | D85: МТЗ-82 КУН | F85: =CONCATENATE(F86," \ ",F87," \ ",F88) -> \ \ | I85: =SUM(I86:I88) -> 0 | J85: ='01.07.2025'!J85+I85 -> 3 | K85: =IF(I85>0,'01.07.2025'!K85+1,'01.07.2025'!K85) -> 1 | L85: =SUM(L86:L88) -> 0 | M85: ='01.07.2025'!M85+L85 -> 900 | N85: 0 | O85: На больничном
A86: 20 | B86: 4B06-16A7-C3EC-BD38 | C86: Гарипов Ленар | D86: МТЗ-82 КУН | J86: =J85 -> 3 | K86: =K85 -> 1 | L86: =G86*H86 -> 0 | M86: =M85 -> 900 | O86: {=IFERROR(_xlfn.IFS(O85="Не работал по уважительной причине","Не работал по уважительной причине",O85="На учебе","На учебе",O85="На больничном","На больничном",O85="Выходной","Выходной", O85="Не работал по неуважительной причине","Не работал по неуважительной причине"),"")} -> На больничном
A87: 20
A88: 20
A89: 21 | C89: Гилязов Фариль | D89: МТЗ-82 | F89: =CONCATENATE(F90," \ ",F91," \ ",F92) -> толкание навоза в комплексе \ \ | I89: =SUM(I90:I92) -> 8 | J89: ='01.07.2025'!J89+I89 -> 16 | K89: =IF(I89>0,'01.07.2025'!K89+1,'01.07.2025'!K89) -> 2 | L89: =SUM(L90:L92) -> 2400 | M89: ='01.07.2025'!M89+L89 -> 4800 | N89: 0
A90: 21 | B90: 817F-F658-F3DC-8743 | C90: Гилязов Фариль | D90: МТЗ-82 | F90: толкание навоза в комплексе | G90: 300 | H90: 8 | I90: 8 | J90: =J89 -> 16 | K90: =K89 -> 2 | L90: =G90*H90 -> 2400 | M90: =M89 -> 4800 | O90: {=IFERROR(_xlfn.IFS(O89="Не работал по уважительной причине","Не работал по уважительной причине",O89="На учебе","На учебе",O89="На больничном","На больничном",O89="Выходной","Выходной", O89="Не работал по неуважительной причине","Не работал по неуважительной причине"),"")}
A91: 21
A92: 21
A93: 22 | C93: Гиззатуллин Ленар | D93: МТЗ-82 | F93: =CONCATENATE(F94," \ ",F95," \ ",F96) -> вывоз жижи бочка 5т \ почасовая работа в комплексе \ ремонт среднего ТС | I93: =SUM(I94:I96) -> 10.4 | J93: ='01.07.2025'!J93+I93 -> 22 | K93: =IF(I93>0,'01.07.2025'!K93+1,'01.07.2025'!K93) -> 2 | L93: =SUM(L94:L96) -> 2310 | M93: ='01.07.2025'!M93+L93 -> 4610 | N93: 0
A94: 22 | B94: CE5E-C0B1-ECF7-7E68 | C94: Гиззатуллин Ленар | D94: МТЗ-82 | F94: вывоз жижи бочка 5т | G94: 210 | H94: 5 | I94: 4 | J94: =J93 -> 22 | K94: =K93 -> 2 | L94: =G94*H94 -> 1050 | M94: =M93 -> 4610 | O94: {=IFERROR(_xlfn.IFS(O93="Не работал по уважительной причине","Не работал по уважительной причине",O93="На учебе","На учебе",O93="На больничном","На больничном",O93="Выходной","Выходной", O93="Не работал по неуважительной причине","Не работал по неуважительной причине"),"")}
A95: 22 | B95: CE5E-C0B1-ECF7-7E68 | C95: Гиззатуллин Ленар | D95: МТЗ-82 | F95: почасовая работа в комплексе | G95: 250 | H95: 3 | I95: 3 | L95: =G95*H95 -> 750
A96: 22 | B96: CE5E-C0B1-ECF7-7E68 | C96: Гиззатуллин Ленар | D96: МТЗ-82 | F96: ремонт среднего ТС | G96: 150 | H96: 3.4 | I96: 3.4 | L96: =G96*H96 -> 510
A97: 23 | C97: Загидуллин Рустам | D97: КЛААС/БАРС | F97: =CONCATENATE(F98," \ ",F99," \ ",F100) -> ремонт большого ТС \ почасовая работа в комплексе \ | I97: =SUM(I98:I100) -> 11 | J97: ='01.07.2025'!J97+I97 -> 19 | K97: =IF(I97>0,'01.07.2025'!K97+1,'01.07.2025'!K97) -> 2 | L97: =SUM(L98:L100) -> 2290 | M97: ='01.07.2025'!M97+L97 -> 3890 | N97: 1
A98: 23 | B98: 34C9-6EBA-DC9E-D139 | C98: Загидуллин Рустам | D98: КЛААС | F98: ремонт большого ТС | G98: 200 | H98: 8 | I98: 8 | J98: =J97 -> 19 | K98: =K97 -> 2 | L98: =G98*H98 -> 1600 | M98: =M97 -> 3890 | O98: {=IFERROR(_xlfn.IFS(O97="Не работал по уважительной причине","Не работал по уважительной причине",O97="На учебе","На учебе",O97="На больничном","На больничном",O97="Выходной","Выходной", O97="Не работал по неуважительной причине","Не работал по неуважительной причине"),"")}
A99: 23 | B99: 34C9-6EBA-DC9E-D139 | C99: Загидуллин Рустам | D99: МТЗ-1170 | F99: почасовая работа в комплексе | G99: 230 | H99: 3 | I99: 3 | L99: =G99*H99 -> 690
A100: 23
A101: 24 | C101: Загидуллин Радис | D101: КЛААС/JSB | F101: =CONCATENATE(F102," \ ",F103," \ ",F104) -> ремонт среднего ТС \ \ | I101: =SUM(I102:I104) -> 4 | J101: ='01.07.2025'!J101+I101 -> 12 | K101: =IF(I101>0,'01.07.2025'!K101+1,'01.07.2025'!K101) -> 2 | L101: =SUM(L102:L104) -> 600 | M101: ='01.07.2025'!M101+L101 -> 2200 | N101: 0
A102: 24 | B102: D665-2E72-64A7-42DA | C102: Загидуллин Радис | D102: КЛААС | F102: ремонт среднего ТС | G102: 150 | H102: 4 | I102: 4 | J102: =J101 -> 12 | K102: =K101 -> 2 | L102: =G102*H102 -> 600 | M102: =M101 -> 2200 | O102: {=IFERROR(_xlfn.IFS(O101="Не работал по уважительной причине","Не работал по уважительной причине",O101="На учебе","На учебе",O101="На больничном","На больничном",O101="Выходной","Выходной", O101="Не работал по неуважительной причине","Не работал по неуважительной причине"),"")}
A103: 24 | L103: =G103*H103 -> 0
...

Sheet 03.07.2025
B2: ООО Шахтер | E2: Памятка по цветам
B3: Дата | C3: 45841 | E3: Столбец/строка с критической для работы информацией | F3: Используется в критичной для работы программы логике, должна быть заполнена корректно
E4: Столбец с информацией для генерации отчета | F4: Используется для генерации отчета (Наличие корректной информации отвечает за полноценность информации отчета и не критично)
E5: Мультиполя | F5: Могут быть корректно обработаны в случае нескольких работ у 1 человека. (Имеет смысл указывать только желтые и оранжевые поля для вторых и последующих вхождений одного и того же ID)
A8: № | B8: ID | C8: ФИО | D8: Вид техники | E8: Комментарии | F8: Вид работы | G8: Расценка | H8: Кол-во рейсов/час/га/рулонов/тонн-км | I8: Отработано, часов | J8: Общее кол-во часов | K8: Общее кол-во дней | L8: Сумма за день | M8: Сумма за месяц | N8: Общее кол-во дней ремонта | O8: Причина отсут.на раб.месте
A9: 1 | C9: Сибгатуллин Ильшат | D9: КАМАЗ | F9: =CONCATENATE(F10," \ ",F11," \ ",F12) -> ремонт среднего ТС \ \ | I9: =SUM(I10:I12) -> 8 | J9: ='02.07.2025'!J9+I9 -> 24 | K9: =IF(I9>0,'02.07.2025'!K9+1,'02.07.2025'!K9) -> 3 | L9: =SUM(L10:L12) -> 1200 | M9: ='02.07.2025'!M9+L9 -> 9771.2 | N9: 0
A10: 1 | B10: B321-4958-B09E-D1C4 | C10: Сибгатуллин Ильшат | D10: КАМАЗ | F10: ремонт среднего ТС | G10: 150 | H10: 8 | I10: 8 | J10: =J9 -> 24 | K10: =K9 -> 3 | L10: =G10*H10 -> 1200 | M10: =M9 -> 9771.2 | O10: {=IFERROR(_xlfn.IFS(O9="Не работал по уважительной причине","Не работал по уважительной причине",O9="На учебе","На учебе",O9="На больничном","На больничном",O9="Выходной","Выходной", O9="Не работал по неуважительной причине","Не работал по неуважительной причине"),"")}
A11: 1 | L11: =G11*H11 -> 0
A12: 1
A13: 2 | C13: Хакимов Алмаз | D13: КАМАЗ | F13: =CONCATENATE(F14," \ ",F15," \ ",F16) -> ремонт среднего ТС \ \ | I13: =SUM(I14:I16) -> 0 | J13: ='02.07.2025'!J13+I13 -> 4 | K13: =IF(I13>0,'02.07.2025'!K13+1,'02.07.2025'!K13) -> 1 | L13: =SUM(L14:L16) -> 0 | M13: ='02.07.2025'!M13+L13 -> 864 | N13: 0 | O13: Не работал по уважительной причине
A14: 2 | B14: F81C-A5F6-75F0-A039 | C14: Хакимов Алмаз | D14: КАМАЗ | F14: ремонт среднего ТС | J14: =J13 -> 4 | K14: =K13 -> 1 | L14: =G14*H14 -> 0 | M14: =M13 -> 864 | O14: {=IFERROR(_xlfn.IFS(O13="Не работал по уважительной причине","Не работал по уважительной причине",O13="На учебе","На учебе",O13="На больничном","На больничном",O13="Выходной","Выходной", O13="Не работал по неуважительной причине","Не работал по неуважительной причине"),"")} -> Не работал по уважительной причине
A15: 2
A16: 2
A17: 3 | C17: Шакиров Алмаз | D17: КАМАЗ | F17: =CONCATENATE(F18," \ ",F19," \ ",F20) -> ремонт среднего ТС \ \ | I17: =SUM(I18:I20) -> 8 | J17: ='02.07.2025'!J17+I17 -> 24 | K17: =IF(I17>0,'02.07.2025'!K17+1,'02.07.2025'!K17) -> 3 | L17: =SUM(L18:L20) -> 1200 | M17: ='02.07.2025'!M17+L17 -> 3600 | N17: 2
A18: 3 | B18: B132-B3D7-F67D-21D6 | C18: Шакиров Алмаз | D18: КАМАЗ | F18: ремонт среднего ТС | G18: 150 | H18: 8 | I18: 8 | J18: =J17 -> 24 | K18: =K17 -> 3 | L18: =G18*H18 -> 1200 | M18: =M17 -> 3600 | O18: {=IFERROR(_xlfn.IFS(O17="Не работал по уважительной причине","Не работал по уважительной причине",O17="На учебе","На учебе",O17="На больничном","На больничном",O17="Выходной","Выходной", O17="Не работал по неуважительной причине","Не работал по неуважительной причине"),"")}
A19: 3
A20: 3
A21: 4 | C21: Хакимуллин Алмаз | D21: КАМАЗ | F21: =CONCATENATE(F22," \ ",F23," \ ",F24) -> ремонт среднего ТС \ \ | I21: =SUM(I22:I24) -> 8 | J21: ='02.07.2025'!J21+I21 -> 24 | K21: =IF(I21>0,'02.07.2025'!K21+1,'02.07.2025'!K21) -> 3 | L21: =SUM(L22:L24) -> 1200 | M21: ='02.07.2025'!M21+L21 -> 6369.6 | N21: 1
A22: 4 | B22: 1EEC-A4AA-2E5F-816A | C22: Хакимуллин Алмаз | D22: КАМАЗ | F22: ремонт среднего ТС | G22: 150 | H22: 8 | I22: 8 | J22: =J21 -> 24 | K22: =K21 -> 3 | L22: =G22*H22 -> 1200 | M22: =M21 -> 6369.6 | O22: {=IFERROR(_xlfn.IFS(O21="Не работал по уважительной причине","Не работал по уважительной причине",O21="На учебе","На учебе",O21="На больничном","На больничном",O21="Выходной","Выходной", O21="Не работал по неуважительной причине","Не работал по неуважительной причине"),"")}
A23: 4 | L23: =G23*H23 -> 0
A24: 4
A25: 5 | C25: Гилязов Марат | D25: КАМАЗ | F25: =CONCATENATE(F26," \ ",F27," \ ",F28) -> ремонт большого ТС \ \ | I25: =SUM(I26:I28) -> 8 | J25: ='02.07.2025'!J25+I25 -> 24 | K25: =IF(I25>0,'02.07.2025'!K25+1,'02.07.2025'!K25) -> 3 | L25: =SUM(L26:L28) -> 1600 | M25: ='02.07.2025'!M25+L25 -> 4800 | N25: 0
A26: 5 | B26: 9B87-3AB6-19F1-3F4F | C26: Гилязов Марат | D26: Ягуар | F26: ремонт большого ТС | G26: 200 | H26: 8 | I26: 8 | J26: =J25 -> 24 | K26: =K25 -> 3 | L26: =G26*H26 -> 1600 | M26: =M25 -> 4800 | O26: {=IFERROR(_xlfn.IFS(O25="Не работал по уважительной причине","Не работал по уважительной причине",O25="На учебе","На учебе",O25="На больничном","На больничном",O25="Выходной","Выходной", O25="Не работал по неуважительной причине","Не работал по неуважительной причине"),"")}
A27: 5
A28: 5
A29: 6 | C29: Самигуллин Марат | D29: КАМАЗ | F29: =CONCATENATE(F30," \ ",F31," \ ",F32) -> ремонт среднего ТС \ Перемещение разных товаров с прицепом \ | I29: =SUM(I30:I32) -> 9 | J29: ='02.07.2025'!J29+I29 -> 26 | K29: =IF(I29>0,'02.07.2025'!K29+1,'02.07.2025'!K29) -> 3 | L29: =SUM(L30:L32) -> 1848 | M29: ='02.07.2025'!M29+L29 -> 5344 | N29: 0
A30: 6 | B30: DB23-B6ED-A237-F7F2 | C30: Самигуллин Марат | D30: КАМАЗ | F30: ремонт среднего ТС | G30: 150 | H30: 8 | I30: 8 | J30: =J29 -> 26 | K30: =K29 -> 3 | L30: =G30*H30 -> 1200 | M30: =M29 -> 5344 | O30: {=IFERROR(_xlfn.IFS(O29="Не работал по уважительной причине","Не работал по уважительной причине",O29="На учебе","На учебе",O29="На больничном","На больничном",O29="Выходной","Выходной", O29="Не работал по неуважительной причине","Не работал по неуважительной причине"),"")}
A31: 6 | B31: DB23-B6ED-A237-F7F2 | C31: Самигуллин Марат | D31: КАМАЗ | F31: Перемещение разных товаров с прицепом | G31: 2.16 | H31: 300 | I31: 1 | L31: =G31*H31 -> 648
A32: 6 | L32: =G32*H32 -> 0
A33: 7 | C33: Хуснутдинов Рамиль | D33: КАМАЗ | F33: =CONCATENATE(F34," \ ",F35," \ ",F36) -> ремонт среднего ТС \ \ | I33: =SUM(I34:I36) -> 8 | J33: ='02.07.2025'!J33+I33 -> 23 | K33: =IF(I33>0,'02.07.2025'!K33+1,'02.07.2025'!K33) -> 3 | L33: =SUM(L34:L36) -> 1200 | M33: ='02.07.2025'!M33+L33 -> 6406 | N33: 0
A34: 7 | B34: 826C-55E4-ED1D-8549 | C34: Хуснутдинов Рамиль | D34: КАМАЗ | F34: ремонт среднего ТС | G34: 150 | H34: 8 | I34: 8 | J34: =J33 -> 23 | K34: =K33 -> 3 | L34: =G34*H34 -> 1200 | M34: =M33 -> 6406 | O34: {=IFERROR(_xlfn.IFS(O33="Не работал по уважительной причине","Не работал по уважительной причине",O33="На учебе","На учебе",O33="На больничном","На больничном",O33="Выходной","Выходной", O33="Не работал по неуважительной причине","Не работал по неуважительной причине"),"")}
A35: 7
A36: 7
A37: 8 | C37: Сафиуллин Фердинант | D37: К-744 | F37: =CONCATENATE(F38," \ ",F39," \ ",F40) -> \ \ | I37: =SUM(I38:I40) -> 0 | J37: ='02.07.2025'!J37+I37 -> 0 | K37: =IF(I37>0,'02.07.2025'!K37+1,'02.07.2025'!K37) -> 1 | L37: =SUM(L38:L40) -> 0 | M37: ='02.07.2025'!M37+L37 -> 0 | N37: 0 | O37: Не работал по уважительной причине
A38: 8 | B38: A70E-55AE-4C30-61A5 | C38: Сафиуллин Фердинант | D38: К-744 | J38: =J37 -> 0 | K38: =K37 -> 1 | L38: =G38*I38 -> 0 | M38: =M37 -> 0 | O38: {=IFERROR(_xlfn.IFS(O37="Не работал по уважительной причине","Не работал по уважительной причине",O37="На учебе","На учебе",O37="На больничном","На больничном",O37="Выходной","Выходной", O37="Не работал по неуважительной причине","Не работал по неуважительной причине"),"")} -> Не работал по уважительной причине
A39: 8
A40: 8
A41: 9 | C41: Зиннатуллин Ильяр | D41: ГАЗ-53/пожарный | F41: =CONCATENATE(F42," \ ",F43," \ ",F44) -> \ \ | I41: =SUM(I42:I44) -> 0 | J41: ='02.07.2025'!J41+I41 -> 0 | K41: =IF(I41>0,'02.07.2025'!K41+1,'02.07.2025'!K41) -> 1 | L41: =SUM(L42:L44) -> 0 | M41: ='02.07.2025'!M41+L41 -> 0 | N41: 0 | O41: Не работал по уважительной причине
A42: 9 | B42: 84AC-63E7-9D34-A357 | C42: Зиннатуллин Ильяр | D42: ГАЗ-53/пожарный | J42: =J41 -> 0 | K42: =K41 -> 1 | L42: =G42*I42 -> 0 | M42: =M41 -> 0 | O42: {=IFERROR(_xlfn.IFS(O41="Не работал по уважительной причине","Не работал по уважительной причине",O41="На учебе","На учебе",O41="На больничном","На больничном",O41="Выходной","Выходной", O41="Не работал по неуважительной причине","Не работал по неуважительной причине"),"")} -> Не работал по уважительной причине
A43: 9
A44: 9
A45: 10 | C45: Гарипов Айрат | D45: МТЗ-1221 | F45: =CONCATENATE(F46," \ ",F47," \ ",F48) -> раздача кормов \ измельчение соломы \ | I45: =SUM(I46:I48) -> 10 | J45: ='02.07.2025'!J45+I45 -> 31 | K45: =IF(I45>0,'02.07.2025'!K45+1,'02.07.2025'!K45) -> 3 | L45: =SUM(L46:L48) -> 2440 | M45: ='02.07.2025'!M45+L45 -> 7770 | N45: 0
A46: 10 | B46: 557B-25FB-94EC-6C71 | C46: Гарипов Айрат | D46: МТЗ-1221 | F46: раздача кормов | G46: 230 | H46: 8 | I46: 8 | J46: =J45 -> 31 | K46: =K45 -> 3 | L46: =G46*H46 -> 1840 | M46: =M45 -> 7770 | O46: {=IFERROR(_xlfn.IFS(O45="Не работал по уважительной причине","Не работал по уважительной причине",O45="На учебе","На учебе",O45="На больничном","На больничном",O45="Выходной","Выходной", O45="Не работал по неуважительной причине","Не работал по неуважительной причине"),"")}
A47: 10 | B47: 557B-25FB-94EC-6C71 | C47: Гарипов Айрат | D47: МТЗ-1221 | F47: измельчение соломы | G47: 300 | H47: 2 | I47: 2 | L47: =G47*H47 -> 600
A48: 10
A49: 11 | C49: Даминов Алмаз | D49: МТЗ-1221 | F49: =CONCATENATE(F50," \ ",F51," \ ",F52) -> раздача кормов \ перемещение силоса \ | I49: =SUM(I50:I52) -> 11 | J49: ='02.07.2025'!J49+I49 -> 34 | K49: =IF(I49>0,'02.07.2025'!K49+1,'02.07.2025'!K49) -> 3 | L49: =SUM(L50:L52) -> 2890 | M49: ='02.07.2025'!M49+L49 -> 8520 | N49: 0
A50: 11 | B50: FDCD-507C-3A15-AE14 | C50: Даминов Алмаз | D50: МТЗ-1221 | F50: раздача кормов | G50: 230 | H50: 8 | I50: 8 | J50: =J49 -> 34 | K50: =K49 -> 3 | L50: =G50*H50 -> 1840 | M50: =M49 -> 8520 | O50: {=IFERROR(_xlfn.IFS(O49="Не работал по уважительной причине","Не работал по уважительной причине",O49="На учебе","На учебе",O49="На больничном","На больничном",O49="Выходной","Выходной", O49="Не работал по неуважительной причине","Не работал по неуважительной причине"),"")}
A51: 11 | B51: FDCD-507C-3A15-AE14 | C51: Даминов Алмаз | D51: МТЗ-1221 | F51: перемещение силоса | G51: 350 | H51: 3 | I51: 3 | L51: =G51*H51 -> 1050
A52: 11 | L52: =G52*H52 -> 0
A53: 12 | C53: Сибгатуллин Ренат | D53: МТЗ-1221 | F53: =CONCATENATE(F54," \ ",F55," \ ",F56) -> \ \ | I53: =SUM(I54:I56) -> 0 | J53: ='02.07.2025'!J53+I53 -> 0 | K53: =IF(I53>0,'02.07.2025'!K53+1,'02.07.2025'!K53) -> 0 | L53: =SUM(L54:L56) -> 0 | M53: ='02.07.2025'!M53+L53 -> 0 | N53: 0 | O53: Не работал по уважительной причине
A54: 12 | B54: 5D9A-F109-F9E7-3E5D | C54: Сибгатуллин Ренат | D54: МТЗ-1221 | J54: =J53 -> 0 | K54: =K53 -> 0 | M54: =M53 -> 0 | O54: {=IFERROR(_xlfn.IFS(O53="Не работал по уважительной причине","Не работал по уважительной причине",O53="На учебе","На учебе",O53="На больничном","На больничном",O53="Выходной","Выходной", O53="Не работал по неуважительной причине","Не работал по неуважительной причине"),"")} -> Не работал по уважительной причине
A55: 12
A56: 12
A57: 13 | C57: Марданов Ильнур | D57: Ягуар/МТЗ-1221 | F57: =CONCATENATE(F58," \ ",F59," \ ",F60) -> вывоз жижи бочка 10т \ \ | I57: =SUM(I58:I60) -> 9 | J57: ='02.07.2025'!J57+I57 -> 25 | K57: =IF(I57>0,'02.07.2025'!K57+1,'02.07.2025'!K57) -> 2 | L57: =SUM(L58:L60) -> 1380 | M57: ='02.07.2025'!M57+L57 -> 4580 | N57: 0
A58: 13 | B58: DF4D-FC93-8A9F-97B9 | C58: Марданов Ильнур | D58: МТЗ-1221 | F58: вывоз жижи бочка 10т | G58: 230 | H58: 6 | I58: 9 | J58: =J57 -> 25 | K58: =K57 -> 2 | L58: =G58*H58 -> 1380 | M58: =M57 -> 4580 | O58: {=IFERROR(_xlfn.IFS(O57="Не работал по уважительной причине","Не работал по уважительной причине",O57="На учебе","На учебе",O57="На больничном","На больничном",O57="Выходной","Выходной", O57="Не работал по неуважительной причине","Не работал по неуважительной причине"),"")}
A59: 13
A60: 13
A61: 14 | C61: Марданов Газинур | D61: МТЗ-1221 | F61: =CONCATENATE(F62," \ ",F63," \ ",F64) -> вывоз жижи бочка 10т \ \ | I61: =SUM(I62:I64) -> 8 | J61: ='02.07.2025'!J61+I61 -> 25 | K61: =IF(I61>0,'02.07.2025'!K61+1,'02.07.2025'!K61) -> 3 | L61: =SUM(L62:L64) -> 1150 | M61: ='02.07.2025'!M61+L61 -> 3680 | N61: 0
A62: 14 | B62: 7D6E-C387-6D53-EB81 | C62: Марданов Газинур | D62: МТЗ-1221 | F62: вывоз жижи бочка 10т | G62: 230 | H62: 5 | I62: 8 | J62: =J61 -> 25 | K62: =K61 -> 3 | L62: =G62*H62 -> 1150 | M62: =M61 -> 3680 | O62: {=IFERROR(_xlfn.IFS(O61="Не работал по уважительной причине","Не работал по уважительной причине",O61="На учебе","На учебе",O61="На больничном","На больничном",O61="Выходной","Выходной", O61="Не работал по неуважительной причине","Не работал по неуважительной причине"),"")}
A63: 14
A64: 14
A65: 15 | C65: Гилязутдинов Равис | D65: МТЗ-1221 | F65: =CONCATENATE(F66," \ ",F67," \ ",F68) -> вывоз жижи бочка 5т \ \ | I65: =SUM(I66:I68) -> 10 | J65: ='02.07.2025'!J65+I65 -> 30 | K65: =IF(I65>0,'02.07.2025'!K65+1,'02.07.2025'!K65) -> 3 | L65: =SUM(L66:L68) -> 1260 | M65: ='02.07.2025'!M65+L65 -> 3780 | N65: 1
A66: 15 | B66: A7DC-C920-DF83-2135 | C66: Гилязутдинов Равис | D66: МТЗ-1221 | F66: вывоз жижи бочка 5т | G66: 210 | H66: 6 | I66: 10 | J66: =J65 -> 30 | K66: =K65 -> 3 | L66: =G66*H66 -> 1260 | M66: =M65 -> 3780 | O66: {=IFERROR(_xlfn.IFS(O65="Не работал по уважительной причине","Не работал по уважительной причине",O65="На учебе","На учебе",O65="На больничном","На больничном",O65="Выходной","Выходной", O65="Не работал по неуважительной причине","Не работал по неуважительной причине"),"")}
A67: 15
A68: 15
A69: 16 | C69: Идрисов Фанис | D69: МТЗ-1221 | F69: =CONCATENATE(F70," \ ",F71," \ ",F72) -> \ \ | I69: =SUM(I70:I72) -> 0 | J69: ='02.07.2025'!J69+I69 -> 0 | K69: =IF(I69>0,'02.07.2025'!K69+1,'02.07.2025'!K69) -> 0 | L69: =SUM(L70:L72) -> 0 | M69: ='02.07.2025'!M69+L69 -> 0 | N69: 0 | O69: На больничном
A70: 16 | B70: 88F9-5D77-620C-6724 | C70: Идрисов Фанис | D70: МТЗ-1221 | J70: =J69 -> 0 | K70: =K69 -> 0 | L70: =G70*H70 -> 0 | M70: =M69 -> 0 | O70: {=IFERROR(_xlfn.IFS(O69="Не работал по уважительной причине","Не работал по уважительной причине",O69="На учебе","На учебе",O69="На больничном","На больничном",O69="Выходной","Выходной", O69="Не работал по неуважительной причине","Не работал по неуважительной причине"),"")} -> На больничном
A71: 16
A72: 16
A73: 17 | C73: Бурганов Ильдус | D73: МТЗ-1221 | F73: =CONCATENATE(F74," \ ",F75," \ ",F76) -> ремонт среднего ТС \ \ | I73: =SUM(I74:I76) -> 8 | J73: ='02.07.2025'!J73+I73 -> 8 | K73: =IF(I73>0,'02.07.2025'!K73+1,'02.07.2025'!K73) -> 1 | L73: =SUM(L74:L76) -> 1200 | M73: ='02.07.2025'!M73+L73 -> 1200 | N73: 1
A74: 17 | B74: B9AE-D68F-9D53-65BF | C74: Бурганов Ильдус | D74: МТЗ-1221 | F74: ремонт среднего ТС | G74: 150 | H74: 8 | I74: 8 | J74: =J73 -> 8 | K74: =K73 -> 1 | L74: =G74*H74 -> 1200 | M74: =M73 -> 1200 | O74: {=IFERROR(_xlfn.IFS(O73="Не работал по уважительной причине","Не работал по уважительной причине",O73="На учебе","На учебе",O73="На больничном","На больничном",O73="Выходной","Выходной", O73="Не работал по неуважительной причине","Не работал по неуважительной причине"),"")}
A75: 17
A76: 17
A77: 18 | C77: Зиннатуллин Ильнар | D77: МТЗ-82/К-742 | F77: =CONCATENATE(F78," \ ",F79," \ ",F80) -> \ \ | I77: =SUM(I78:I80) -> 0 | J77: ='02.07.2025'!J77+I77 -> 0 | K77: =IF(I77>0,'02.07.2025'!K77+1,'02.07.2025'!K77) -> 0 | L77: =SUM(L78:L80) -> 0 | M77: ='02.07.2025'!M77+L77 -> 0 | N77: 0 | O77: Не работал по уважительной причине
A78: 18 | B78: 895A-537E-1E32-5C42 | C78: Зиннатуллин Ильнар | J78: =J77 -> 0 | K78: =K77 -> 0 | L78: =G78*H78 -> 0 | M78: =M77 -> 0 | O78: {=IFERROR(_xlfn.IFS(O77="Не работал по уважительной причине","Не работал по уважительной причине",O77="На учебе","На учебе",O77="На больничном","На больничном",O77="Выходной","Выходной", O77="Не работал по неуважительной причине","Не работал по неуважительной причине"),"")} -> Не работал по уважительной причине
A79: 18
A80: 18
A81: 19 | C81: Гарипов Радиф | D81: МТЗ-82 | F81: =CONCATENATE(F82," \ ",F83," \ ",F84) -> раздача кормов \ \ | I81: =SUM(I82:I84) -> 8 | J81: ='02.07.2025'!J81+I81 -> 23.4 | K81: =IF(I81>0,'02.07.2025'!K81+1,'02.07.2025'!K81) -> 3 | L81: =SUM(L82:L84) -> 1840 | M81: ='02.07.2025'!M81+L81 -> 5382 | N81: 0
A82: 19 | B82: 11F9-D23E-3538-3F4A | C82: Гарипов Радиф | D82: МТЗ-82 | F82: раздача кормов | G82: 230 | H82: 8 | I82: 8 | J82: =J81 -> 23.4 | K82: =K81 -> 3 | L82: =G82*H82 -> 1840 | M82: =M81 -> 5382 | O82: {=IFERROR(_xlfn.IFS(O81="Не работал по уважительной причине","Не работал по уважительной причине",O81="На учебе","На учебе",O81="На больничном","На больничном",O81="Выходной","Выходной", O81="Не работал по неуважительной причине","Не работал по неуважительной причине"),"")}
A83: 19
A84: 19
A85: 20 | C85: Гарипов Ленар | D85: МТЗ-82 КУН | F85: =CONCATENATE(F86," \ ",F87," \ ",F88) -> \ \ | I85: =SUM(I86:I88) -> 0 | J85: ='02.07.2025'!J85+I85 -> 3 | K85: =IF(I85>0,'02.07.2025'!K85+1,'02.07.2025'!K85) -> 1 | L85: =SUM(L86:L88) -> 0 | M85: ='02.07.2025'!M85+L85 -> 900 | N85: 0 | O85: На больничном
A86: 20 | B86: 4B06-16A7-C3EC-BD38 | C86: Гарипов Ленар | D86: МТЗ-82 КУН | J86: =J85 -> 3 | K86: =K85 -> 1 | L86: =G86*H86 -> 0 | M86: =M85 -> 900 | O86: {=IFERROR(_xlfn.IFS(O85="Не работал по уважительной причине","Не работал по уважительной причине",O85="На учебе","На учебе",O85="На больничном","На больничном",O85="Выходной","Выходной", O85="Не работал по неуважительной причине","Не работал по неуважительной причине"),"")} -> На больничном
A87: 20
A88: 20
A89: 21 | C89: Гилязов Фариль | D89: МТЗ-82 | F89: =CONCATENATE(F90," \ ",F91," \ ",F92) -> толкание навоза в комплексе \ \ | I89: =SUM(I90:I92) -> 8 | J89: ='02.07.2025'!J89+I89 -> 24 | K89: =IF(I89>0,'02.07.2025'!K89+1,'02.07.2025'!K89) -> 3 | L89: =SUM(L90:L92) -> 2400 | M89: ='02.07.2025'!M89+L89 -> 7200 | N89: 0
A90: 21 | B90: 817F-F658-F3DC-8743 | C90: Гилязов Фариль | D90: МТЗ-82 | F90: толкание навоза в комплексе | G90: 300 | H90: 8 | I90: 8 | J90: =J89 -> 24 | K90: =K89 -> 3 | L90: =G90*H90 -> 2400 | M90: =M89 -> 7200 | O90: {=IFERROR(_xlfn.IFS(O89="Не работал по уважительной причине","Не работал по уважительной причине",O89="На учебе","На учебе",O89="На больничном","На больничном",O89="Выходной","Выходной", O89="Не работал по неуважительной причине","Не работал по неуважительной причине"),"")}
A91: 21
A92: 21
A93: 22 | C93: Гиззатуллин Ленар | D93: МТЗ-82 | F93: =CONCATENATE(F94," \ ",F95," \ ",F96) -> вывоз жижи бочка 5т \ почасовая работа в комплексе \ ремонт среднего ТС | I93: =SUM(I94:I96) -> 11 | J93: ='02.07.2025'!J93+I93 -> 33 | K93: =IF(I93>0,'02.07.2025'!K93+1,'02.07.2025'!K93) -> 3 | L93: =SUM(L94:L96) -> 2310 | M93: ='02.07.2025'!M93+L93 -> 6920 | N93: 0
A94: 22 | B94: CE5E-C0B1-ECF7-7E68 | C94: Гиззатуллин Ленар | D94: МТЗ-82 | F94: вывоз жижи бочка 5т | G94: 210 | H94: 5 | I94: 4.6 | J94: =J93 -> 33 | K94: =K93 -> 3 | L94: =G94*H94 -> 1050 | M94: =M93 -> 6920 | O94: {=IFERROR(_xlfn.IFS(O93="Не работал по уважительной причине","Не работал по уважительной причине",O93="На учебе","На учебе",O93="На больничном","На больничном",O93="Выходной","Выходной", O93="Не работал по неуважительной причине","Не работал по неуважительной причине"),"")}
A95: 22 | B95: CE5E-C0B1-ECF7-7E68 | C95: Гиззатуллин Ленар | D95: МТЗ-82 | F95: почасовая работа в комплексе | G95: 250 | H95: 3 | I95: 3 | L95: =G95*H95 -> 750
A96: 22 | B96: CE5E-C0B1-ECF7-7E68 | C96: Гиззатуллин Ленар | D96: МТЗ-82 | F96: ремонт среднего ТС | G96: 150 | H96: 3.4 | I96: 3.4 | L96: =G96*H96 -> 510
A97: 23 | C97: Загидуллин Рустам | D97: КЛААС/БАРС | F97: =CONCATENATE(F98," \ ",F99," \ ",F100) -> ремонт большого ТС \ почасовая работа в комплексе \ | I97: =SUM(I98:I100) -> 6.3 | J97: ='02.07.2025'!J97+I97 -> 25.3 | K97: =IF(I97>0,'02.07.2025'!K97+1,'02.07.2025'!K97) -> 3 | L97: =SUM(L98:L100) -> 1329 | M97: ='02.07.2025'!M97+L97 -> 5219 | N97: 1
A98: 23 | B98: 34C9-6EBA-DC9E-D139 | C98: Загидуллин Рустам | D98: КЛААС | F98: ремонт большого ТС | G98: 200 | H98: 4 | I98: 2.3 | J98: =J97 -> 25.3 | K98: =K97 -> 3 | L98: =G98*H98 -> 800 | M98: =M97 -> 5219 | O98: {=IFERROR(_xlfn.IFS(O97="Не работал по уважительной причине","Не работал по уважительной причине",O97="На учебе","На учебе",O97="На больничном","На больничном",O97="Выходной","Выходной", O97="Не работал по неуважительной причине","Не работал по неуважительной причине"),"")}
A99: 23 | B99: 34C9-6EBA-DC9E-D139 | C99: Загидуллин Рустам | D99: МТЗ-1170 | F99: почасовая работа в комплексе | G99: 230 | H99: 2.3 | I99: 4 | L99: =G99*H99 -> 529
A100: 23
A101: 24 | C101: Загидуллин Радис | D101: КЛААС/JSB | F101: =CONCATENATE(F102," \ ",F103," \ ",F104) -> ремонт среднего ТС \ \ | I101: =SUM(I102:I104) -> 4 | J101: ='02.07.2025'!J101+I101 -> 16 | K101: =IF(I101>0,'02.07.2025'!K101+1,'02.07.2025'!K101) -> 3 | L101: =SUM(L102:L104) -> 600 | M101: ='02.07.2025'!M101+L101 -> 2800 | N101: 0
A102: 24 | B102: D665-2E72-64A7-42DA | C102: Загидуллин Радис | D102: КЛААС | F102: ремонт среднего ТС | G102: 150 | H102: 4 | I102: 4 | J102: =J101 -> 16 | K102: =K101 -> 3 | L102: =G102*H102 -> 600 | M102: =M101 -> 2800 | O102: {=IFERROR(_xlfn.IFS(O101="Не работал по уважительной причине","Не работал по уважительной причине",O101="На учебе","На учебе",O101="На больничном","На больничном",O101="Выходной","Выходной", O101="Не работал по неуважительной причине","Не работал по неуважительной причине"),"")}
A103: 24 | L103: =G103*H103 -> 0
...

Sheet 04.07.2025
B2: ООО Шахтер | E2: Памятка по цветам
B3: Дата | C3: 45842 | E3: Столбец/строка с критической для работы информацией | F3: Используется в критичной для работы программы логике, должна быть заполнена корректно
E4: Столбец с информацией для генерации отчета | F4: Используется для генерации отчета (Наличие корректной информации отвечает за полноценность информации отчета и не критично)
E5: Мультиполя | F5: Могут быть корректно обработаны в случае нескольких работ у 1 человека. (Имеет смысл указывать только желтые и оранжевые поля для вторых и последующих вхождений одного и того же ID)
A8: № | B8: ID | C8: ФИО | D8: Вид техники | E8: Комментарии | F8: Вид работы | G8: Расценка | H8: Кол-во рейсов/час/га/рулонов/тонн-км | I8: Отработано, часов | J8: Общее кол-во часов | K8: Общее кол-во дней | L8: Сумма за день | M8: Сумма за месяц | N8: Общее кол-во дней ремонта | O8: Причина отсут.на раб.месте
A9: 1 | C9: Сибгатуллин Ильшат | D9: КАМАЗ | F9: =CONCATENATE(F10," \ ",F11," \ ",F12) -> \ \ | I9: =SUM(I10:I12) -> 0 | J9: ='03.07.2025'!J9+I9 -> 24 | K9: =IF(I9>0,'03.07.2025'!K9+1,'03.07.2025'!K9) -> 3 | L9: =SUM(L10:L12) -> 0 | M9: ='03.07.2025'!M9+L9 -> 9771.2 | N9: 0 | O9: Не работал по уважительной причине
A10: 1 | B10: B321-4958-B09E-D1C4 | C10: Сибгатуллин Ильшат | D10: КАМАЗ | J10: =J9 -> 24 | K10: =K9 -> 3 | L10: =G10*H10 -> 0 | M10: =M9 -> 9771.2 | O10: {=IFERROR(_xlfn.IFS(O9="Не работал по уважительной причине","Не работал по уважительной причине",O9="На учебе","На учебе",O9="На больничном","На больничном",O9="Выходной","Выходной", O9="Не работал по неуважительной причине","Не работал по неуважительной причине"),"")} -> Не работал по уважительной причине
A11: 1 | L11: =G11*H11 -> 0
A12: 1
A13: 2 | C13: Хакимов Алмаз | D13: КАМАЗ | F13: =CONCATENATE(F14," \ ",F15," \ ",F16) -> ремонт среднего ТС \ \ | I13: =SUM(I14:I16) -> 8 | J13: ='03.07.2025'!J13+I13 -> 12 | K13: =IF(I13>0,'03.07.2025'!K13+1,'03.07.2025'!K13) -> 2 | L13: =SUM(L14:L16) -> 1200 | M13: ='03.07.2025'!M13+L13 -> 2064 | N13: 0
A14: 2 | B14: F81C-A5F6-75F0-A039 | C14: Хакимов Алмаз | D14: КАМАЗ | F14: ремонт среднего ТС | G14: 150 | H14: 8 | I14: 8 | J14: =J13 -> 12 | K14: =K13 -> 2 | L14: =G14*H14 -> 1200 | M14: =M13 -> 2064 | O14: {=IFERROR(_xlfn.IFS(O13="Не работал по уважительной причине","Не работал по уважительной причине",O13="На учебе","На учебе",O13="На больничном","На больничном",O13="Выходной","Выходной", O13="Не работал по неуважительной причине","Не работал по неуважительной причине"),"")}
A15: 2
A16: 2
A17: 3 | C17: Шакиров Алмаз | D17: КАМАЗ | F17: =CONCATENATE(F18," \ ",F19," \ ",F20) -> ремонт среднего ТС \ \ | I17: =SUM(I18:I20) -> 4 | J17: ='03.07.2025'!J17+I17 -> 28 | K17: =IF(I17>0,'03.07.2025'!K17+1,'03.07.2025'!K17) -> 4 | L17: =SUM(L18:L20) -> 600 | M17: ='03.07.2025'!M17+L17 -> 4200 | N17: 2
A18: 3 | B18: B132-B3D7-F67D-21D6 | C18: Шакиров Алмаз | D18: КАМАЗ | F18: ремонт среднего ТС | G18: 150 | H18: 4 | I18: 4 | J18: =J17 -> 28 | K18: =K17 -> 4 | L18: =G18*H18 -> 600 | M18: =M17 -> 4200 | O18: {=IFERROR(_xlfn.IFS(O17="Не работал по уважительной причине","Не работал по уважительной причине",O17="На учебе","На учебе",O17="На больничном","На больничном",O17="Выходной","Выходной", O17="Не работал по неуважительной причине","Не работал по неуважительной причине"),"")}
A19: 3
A20: 3
A21: 4 | C21: Хакимуллин Алмаз | D21: КАМАЗ | F21: =CONCATENATE(F22," \ ",F23," \ ",F24) -> ремонт среднего ТС \ \ | I21: =SUM(I22:I24) -> 8 | J21: ='03.07.2025'!J21+I21 -> 32 | K21: =IF(I21>0,'03.07.2025'!K21+1,'03.07.2025'!K21) -> 4 | L21: =SUM(L22:L24) -> 1200 | M21: ='03.07.2025'!M21+L21 -> 7569.6 | N21: 1
A22: 4 | B22: 1EEC-A4AA-2E5F-816A | C22: Хакимуллин Алмаз | D22: КАМАЗ | F22: ремонт среднего ТС | G22: 150 | H22: 8 | I22: 8 | J22: =J21 -> 32 | K22: =K21 -> 4 | L22: =G22*H22 -> 1200 | M22: =M21 -> 7569.6 | O22: {=IFERROR(_xlfn.IFS(O21="Не работал по уважительной причине","Не работал по уважительной причине",O21="На учебе","На учебе",O21="На больничном","На больничном",O21="Выходной","Выходной", O21="Не работал по неуважительной причине","Не работал по неуважительной причине"),"")}
A23: 4 | L23: =G23*H23 -> 0
A24: 4
A25: 5 | C25: Гилязов Марат | D25: КАМАЗ | F25: =CONCATENATE(F26," \ ",F27," \ ",F28) -> ремонт большого ТС \ \ | I25: =SUM(I26:I28) -> 8 | J25: ='03.07.2025'!J25+I25 -> 32 | K25: =IF(I25>0,'03.07.2025'!K25+1,'03.07.2025'!K25) -> 4 | L25: =SUM(L26:L28) -> 1600 | M25: ='03.07.2025'!M25+L25 -> 6400 | N25: 0
A26: 5 | B26: 9B87-3AB6-19F1-3F4F | C26: Гилязов Марат | D26: Ягуар | F26: ремонт большого ТС | G26: 200 | H26: 8 | I26: 8 | J26: =J25 -> 32 | K26: =K25 -> 4 | L26: =G26*H26 -> 1600 | M26: =M25 -> 6400 | O26: {=IFERROR(_xlfn.IFS(O25="Не работал по уважительной причине","Не работал по уважительной причине",O25="На учебе","На учебе",O25="На больничном","На больничном",O25="Выходной","Выходной", O25="Не работал по неуважительной причине","Не работал по неуважительной причине"),"")}
A27: 5
A28: 5
A29: 6 | C29: Самигуллин Марат | D29: КАМАЗ | F29: =CONCATENATE(F30," \ ",F31," \ ",F32) -> ремонт среднего ТС \ \ | I29: =SUM(I30:I32) -> 8 | J29: ='03.07.2025'!J29+I29 -> 34 | K29: =IF(I29>0,'03.07.2025'!K29+1,'03.07.2025'!K29) -> 4 | L29: =SUM(L30:L32) -> 1200 | M29: ='03.07.2025'!M29+L29 -> 6544 | N29: 0
A30: 6 | B30: DB23-B6ED-A237-F7F2 | C30: Самигуллин Марат | D30: КАМАЗ | F30: ремонт среднего ТС | G30: 150 | H30: 8 | I30: 8 | J30: =J29 -> 34 | K30: =K29 -> 4 | L30: =G30*H30 -> 1200 | M30: =M29 -> 6544 | O30: {=IFERROR(_xlfn.IFS(O29="Не работал по уважительной причине","Не работал по уважительной причине",O29="На учебе","На учебе",O29="На больничном","На больничном",O29="Выходной","Выходной", O29="Не работал по неуважительной причине","Не работал по неуважительной причине"),"")}
A31: 6 | L31: =G31*H31 -> 0
A32: 6 | L32: =G32*H32 -> 0
A33: 7 | C33: Хуснутдинов Рамиль | D33: КАМАЗ | F33: =CONCATENATE(F34," \ ",F35," \ ",F36) -> ремонт среднего ТС \ \ | I33: =SUM(I34:I36) -> 8 | J33: ='03.07.2025'!J33+I33 -> 31 | K33: =IF(I33>0,'03.07.2025'!K33+1,'03.07.2025'!K33) -> 4 | L33: =SUM(L34:L36) -> 1200 | M33: ='03.07.2025'!M33+L33 -> 7606 | N33: 0
A34: 7 | B34: 826C-55E4-ED1D-8549 | C34: Хуснутдинов Рамиль | D34: КАМАЗ | F34: ремонт среднего ТС | G34: 150 | H34: 8 | I34: 8 | J34: =J33 -> 31 | K34: =K33 -> 4 | L34: =G34*H34 -> 1200 | M34: =M33 -> 7606 | O34: {=IFERROR(_xlfn.IFS(O33="Не работал по уважительной причине","Не работал по уважительной причине",O33="На учебе","На учебе",O33="На больничном","На больничном",O33="Выходной","Выходной", O33="Не работал по неуважительной причине","Не работал по неуважительной причине"),"")}
A35: 7
A36: 7
A37: 8 | C37: Сафиуллин Фердинант | D37: К-744 | F37: =CONCATENATE(F38," \ ",F39," \ ",F40) -> \ \ | I37: =SUM(I38:I40) -> 0 | J37: ='03.07.2025'!J37+I37 -> 0 | K37: =IF(I37>0,'03.07.2025'!K37+1,'03.07.2025'!K37) -> 1 | L37: =SUM(L38:L40) -> 0 | M37: ='03.07.2025'!M37+L37 -> 0 | N37: 0 | O37: Не работал по уважительной причине
A38: 8 | B38: A70E-55AE-4C30-61A5 | C38: Сафиуллин Фердинант | D38: К-744 | J38: =J37 -> 0 | K38: =K37 -> 1 | L38: =G38*I38 -> 0 | M38: =M37 -> 0 | O38: {=IFERROR(_xlfn.IFS(O37="Не работал по уважительной причине","Не работал по уважительной причине",O37="На учебе","На учебе",O37="На больничном","На больничном",O37="Выходной","Выходной", O37="Не работал по неуважительной причине","Не работал по неуважительной причине"),"")} -> Не работал по уважительной причине
A39: 8
A40: 8
A41: 9 | C41: Зиннатуллин Ильяр | D41: ГАЗ-53/пожарный | F41: =CONCATENATE(F42," \ ",F43," \ ",F44) -> вахта пожарная \ \ | I41: =SUM(I42:I44) -> 4 | J41: ='03.07.2025'!J41+I41 -> 4 | K41: =IF(I41>0,'03.07.2025'!K41+1,'03.07.2025'!K41) -> 2 | L41: =SUM(L42:L44) -> 864 | M41: ='03.07.2025'!M41+L41 -> 864 | N41: 0
A42: 9 | B42: 84AC-63E7-9D34-A357 | C42: Зиннатуллин Ильяр | D42: ГАЗ-53/пожарный | F42: вахта пожарная | G42: 216 | H42: 4 | I42: 4 | J42: =J41 -> 4 | K42: =K41 -> 2 | L42: =G42*I42 -> 864 | M42: =M41 -> 864 | O42: {=IFERROR(_xlfn.IFS(O41="Не работал по уважительной причине","Не работал по уважительной причине",O41="На учебе","На учебе",O41="На больничном","На больничном",O41="Выходной","Выходной", O41="Не работал по неуважительной причине","Не работал по неуважительной причине"),"")}
A43: 9
A44: 9
A45: 10 | C45: Гарипов Айрат | D45: МТЗ-1221 | F45: =CONCATENATE(F46," \ ",F47," \ ",F48) -> раздача кормов \ перемещение силоса \ | I45: =SUM(I46:I48) -> 11 | J45: ='03.07.2025'!J45+I45 -> 42 | K45: =IF(I45>0,'03.07.2025'!K45+1,'03.07.2025'!K45) -> 4 | L45: =SUM(L46:L48) -> 2890 | M45: ='03.07.2025'!M45+L45 -> 10660 | N45: 0
A46: 10 | B46: 557B-25FB-94EC-6C71 | C46: Гарипов Айрат | D46: МТЗ-1221 | F46: раздача кормов | G46: 230 | H46: 8 | I46: 8 | J46: =J45 -> 42 | K46: =K45 -> 4 | L46: =G46*H46 -> 1840 | M46: =M45 -> 10660 | O46: {=IFERROR(_xlfn.IFS(O45="Не работал по уважительной причине","Не работал по уважительной причине",O45="На учебе","На учебе",O45="На больничном","На больничном",O45="Выходной","Выходной", O45="Не работал по неуважительной причине","Не работал по неуважительной причине"),"")}
A47: 10 | B47: 557B-25FB-94EC-6C71 | C47: Гарипов Айрат | D47: МТЗ-1221 | F47: перемещение силоса | G47: 350 | H47: 3 | I47: 3 | L47: =G47*H47 -> 1050
A48: 10
A49: 11 | C49: Даминов Алмаз | D49: МТЗ-1221 | F49: =CONCATENATE(F50," \ ",F51," \ ",F52) -> раздача кормов \ измельчение соломы \ | I49: =SUM(I50:I52) -> 10 | J49: ='03.07.2025'!J49+I49 -> 44 | K49: =IF(I49>0,'03.07.2025'!K49+1,'03.07.2025'!K49) -> 4 | L49: =SUM(L50:L52) -> 2440 | M49: ='03.07.2025'!M49+L49 -> 10960 | N49: 0
A50: 11 | B50: FDCD-507C-3A15-AE14 | C50: Даминов Алмаз | D50: МТЗ-1221 | F50: раздача кормов | G50: 230 | H50: 8 | I50: 8 | J50: =J49 -> 44 | K50: =K49 -> 4 | L50: =G50*H50 -> 1840 | M50: =M49 -> 10960 | O50: {=IFERROR(_xlfn.IFS(O49="Не работал по уважительной причине","Не работал по уважительной причине",O49="На учебе","На учебе",O49="На больничном","На больничном",O49="Выходной","Выходной", O49="Не работал по неуважительной причине","Не работал по неуважительной причине"),"")}
A51: 11 | B51: FDCD-507C-3A15-AE14 | C51: Даминов Алмаз | D51: МТЗ-1221 | F51: измельчение соломы | G51: 300 | H51: 2 | I51: 2 | L51: =G51*H51 -> 600
A52: 11 | L52: =G52*H52 -> 0
A53: 12 | C53: Сибгатуллин Ренат | D53: МТЗ-1221 | F53: =CONCATENATE(F54," \ ",F55," \ ",F56) -> вывоз навоза с прицепом 10 т \ \ | I53: =SUM(I54:I56) -> 8 | J53: ='03.07.2025'!J53+I53 -> 8 | K53: =IF(I53>0,'03.07.2025'!K53+1,'03.07.2025'!K53) -> 1 | L53: =SUM(L54:L56) -> 1380 | M53: ='03.07.2025'!M53+L53 -> 1380 | N53: 0
A54: 12 | B54: 5D9A-F109-F9E7-3E5D | C54: Сибгатуллин Ренат | D54: МТЗ-1221 | F54: вывоз навоза с прицепом 10 т | G54: 230 | H54: 6 | I54: 8 | J54: =J53 -> 8 | K54: =K53 -> 1 | L54: =G54*H54 -> 1380 | M54: =M53 -> 1380 | O54: {=IFERROR(_xlfn.IFS(O53="Не работал по уважительной причине","Не работал по уважительной причине",O53="На учебе","На учебе",O53="На больничном","На больничном",O53="Выходной","Выходной", O53="Не работал по неуважительной причине","Не работал по неуважительной причине"),"")}
A55: 12
A56: 12
A57: 13 | C57: Марданов Ильнур | D57: Ягуар/МТЗ-1221 | F57: =CONCATENATE(F58," \ ",F59," \ ",F60) -> \ \ | I57: =SUM(I58:I60) -> 0 | J57: ='03.07.2025'!J57+I57 -> 25 | K57: =IF(I57>0,'03.07.2025'!K57+1,'03.07.2025'!K57) -> 2 | L57: =SUM(L58:L60) -> 0 | M57: ='03.07.2025'!M57+L57 -> 4580 | N57: 0 | O57: Не работал по уважительной причине
A58: 13 | B58: DF4D-FC93-8A9F-97B9 | C58: Марданов Ильнур | D58: МТЗ-1221 | J58: =J57 -> 25 | K58: =K57 -> 2 | L58: =G58*H58 -> 0 | M58: =M57 -> 4580 | O58: {=IFERROR(_xlfn.IFS(O57="Не работал по уважительной причине","Не работал по уважительной причине",O57="На учебе","На учебе",O57="На больничном","На больничном",O57="Выходной","Выходной", O57="Не работал по неуважительной причине","Не работал по неуважительной причине"),"")} -> Не работал по уважительной причине
A59: 13
A60: 13
A61: 14 | C61: Марданов Газинур | D61: МТЗ-1221 | F61: =CONCATENATE(F62," \ ",F63," \ ",F64) -> вывоз жижи бочка 10т \ \ | I61: =SUM(I62:I64) -> 7 | J61: ='03.07.2025'!J61+I61 -> 32 | K61: =IF(I61>0,'03.07.2025'!K61+1,'03.07.2025'!K61) -> 4 | L61: =SUM(L62:L64) -> 1150 | M61: ='03.07.2025'!M61+L61 -> 4830 | N61: 0
A62: 14 | B62: 7D6E-C387-6D53-EB81 | C62: Марданов Газинур | D62: МТЗ-1221 | F62: вывоз жижи бочка 10т | G62: 230 | H62: 5 | I62: 7 | J62: =J61 -> 32 | K62: =K61 -> 4 | L62: =G62*H62 -> 1150 | M62: =M61 -> 4830 | O62: {=IFERROR(_xlfn.IFS(O61="Не работал по уважительной причине","Не работал по уважительной причине",O61="На учебе","На учебе",O61="На больничном","На больничном",O61="Выходной","Выходной", O61="Не работал по неуважительной причине","Не работал по неуважительной причине"),"")}
A63: 14
A64: 14
A65: 15 | C65: Гилязутдинов Равис | D65: МТЗ-1221 | F65: =CONCATENATE(F66," \ ",F67," \ ",F68) -> вывоз жижи бочка 5т \ ремонт большого ТС \ | I65: =SUM(I66:I68) -> 10 | J65: ='03.07.2025'!J65+I65 -> 40 | K65: =IF(I65>0,'03.07.2025'!K65+1,'03.07.2025'!K65) -> 4 | L65: =SUM(L66:L68) -> 1850 | M65: ='03.07.2025'!M65+L65 -> 5630 | N65: 1
A66: 15 | B66: A7DC-C920-DF83-2135 | C66: Гилязутдинов Равис | D66: МТЗ-1221 | F66: вывоз жижи бочка 5т | G66: 210 | H66: 5 | I66: 6 | J66: =J65 -> 40 | K66: =K65 -> 4 | L66: =G66*H66 -> 1050 | M66: =M65 -> 5630 | O66: {=IFERROR(_xlfn.IFS(O65="Не работал по уважительной причине","Не работал по уважительной причине",O65="На учебе","На учебе",O65="На больничном","На больничном",O65="Выходной","Выходной", O65="Не работал по неуважительной причине","Не работал по неуважительной причине"),"")}
A67: 15 | B67: A7DC-C920-DF83-2135 | C67: Гилязутдинов Равис | D67: МТЗ-1221 | F67: ремонт большого ТС | G67: 200 | H67: 4 | I67: 4 | L67: =G67*H67 -> 800
A68: 15
A69: 16 | C69: Идрисов Фанис | D69: МТЗ-1221 | F69: =CONCATENATE(F70," \ ",F71," \ ",F72) -> \ \ | I69: =SUM(I70:I72) -> 0 | J69: ='03.07.2025'!J69+I69 -> 0 | K69: =IF(I69>0,'03.07.2025'!K69+1,'03.07.2025'!K69) -> 0 | L69: =SUM(L70:L72) -> 0 | M69: ='03.07.2025'!M69+L69 -> 0 | N69: 0 | O69: На больничном
A70: 16 | B70: 88F9-5D77-620C-6724 | C70: Идрисов Фанис | D70: МТЗ-1221 | J70: =J69 -> 0 | K70: =K69 -> 0 | L70: =G70*H70 -> 0 | M70: =M69 -> 0 | O70: {=IFERROR(_xlfn.IFS(O69="Не работал по уважительной причине","Не работал по уважительной причине",O69="На учебе","На учебе",O69="На больничном","На больничном",O69="Выходной","Выходной", O69="Не работал по неуважительной причине","Не работал по неуважительной причине"),"")} -> На больничном
A71: 16
A72: 16
A73: 17 | C73: Бурганов Ильдус | D73: МТЗ-1221 | F73: =CONCATENATE(F74," \ ",F75," \ ",F76) -> ремонт среднего ТС \ \ | I73: =SUM(I74:I76) -> 8 | J73: ='03.07.2025'!J73+I73 -> 16 | K73: =IF(I73>0,'03.07.2025'!K73+1,'03.07.2025'!K73) -> 2 | L73: =SUM(L74:L76) -> 1200 | M73: ='03.07.2025'!M73+L73 -> 2400 | N73: 1
A74: 17 | B74: B9AE-D68F-9D53-65BF | C74: Бурганов Ильдус | D74: МТЗ-1221 | F74: ремонт среднего ТС | G74: 150 | H74: 8 | I74: 8 | J74: =J73 -> 16 | K74: =K73 -> 2 | L74: =G74*H74 -> 1200 | M74: =M73 -> 2400 | O74: {=IFERROR(_xlfn.IFS(O73="Не работал по уважительной причине","Не работал по уважительной причине",O73="На учебе","На учебе",O73="На больничном","На больничном",O73="Выходной","Выходной", O73="Не работал по неуважительной причине","Не работал по неуважительной причине"),"")}
A75: 17
A76: 17
A77: 18 | C77: Зиннатуллин Ильнар | D77: МТЗ-82/К-742 | F77: =CONCATENATE(F78," \ ",F79," \ ",F80) -> \ \ | I77: =SUM(I78:I80) -> 0 | J77: ='03.07.2025'!J77+I77 -> 0 | K77: =IF(I77>0,'03.07.2025'!K77+1,'03.07.2025'!K77) -> 0 | L77: =SUM(L78:L80) -> 0 | M77: ='03.07.2025'!M77+L77 -> 0 | N77: 0 | O77: Не работал по уважительной причине
A78: 18 | B78: 895A-537E-1E32-5C42 | C78: Зиннатуллин Ильнар | J78: =J77 -> 0 | K78: =K77 -> 0 | L78: =G78*H78 -> 0 | M78: =M77 -> 0 | O78: {=IFERROR(_xlfn.IFS(O77="Не работал по уважительной причине","Не работал по уважительной причине",O77="На учебе","На учебе",O77="На больничном","На больничном",O77="Выходной","Выходной", O77="Не работал по неуважительной причине","Не работал по неуважительной причине"),"")} -> Не работал по уважительной причине
A79: 18
A80: 18
A81: 19 | C81: Гарипов Радиф | D81: МТЗ-82 | F81: =CONCATENATE(F82," \ ",F83," \ ",F84) -> раздача кормов \ \ | I81: =SUM(I82:I84) -> 8 | J81: ='03.07.2025'!J81+I81 -> 31.4 | K81: =IF(I81>0,'03.07.2025'!K81+1,'03.07.2025'!K81) -> 4 | L81: =SUM(L82:L84) -> 1840 | M81: ='03.07.2025'!M81+L81 -> 7222 | N81: 0
A82: 19 | B82: 11F9-D23E-3538-3F4A | C82: Гарипов Радиф | D82: МТЗ-82 | F82: раздача кормов | G82: 230 | H82: 8 | I82: 8 | J82: =J81 -> 31.4 | K82: =K81 -> 4 | L82: =G82*H82 -> 1840 | M82: =M81 -> 7222 | O82: {=IFERROR(_xlfn.IFS(O81="Не работал по уважительной причине","Не работал по уважительной причине",O81="На учебе","На учебе",O81="На больничном","На больничном",O81="Выходной","Выходной", O81="Не работал по неуважительной причине","Не работал по неуважительной причине"),"")}
A83: 19
A84: 19
A85: 20 | C85: Гарипов Ленар | D85: МТЗ-82 КУН | F85: =CONCATENATE(F86," \ ",F87," \ ",F88) -> \ \ | I85: =SUM(I86:I88) -> 0 | J85: ='03.07.2025'!J85+I85 -> 3 | K85: =IF(I85>0,'03.07.2025'!K85+1,'03.07.2025'!K85) -> 1 | L85: =SUM(L86:L88) -> 0 | M85: ='03.07.2025'!M85+L85 -> 900 | N85: 0 | O85: На больничном
A86: 20 | B86: 4B06-16A7-C3EC-BD38 | C86: Гарипов Ленар | D86: МТЗ-82 КУН | J86: =J85 -> 3 | K86: =K85 -> 1 | L86: =G86*H86 -> 0 | M86: =M85 -> 900 | O86: {=IFERROR(_xlfn.IFS(O85="Не работал по уважительной причине","Не работал по уважительной причине",O85="На учебе","На учебе",O85="На больничном","На больничном",O85="Выходной","Выходной", O85="Не работал по неуважительной причине","Не работал по неуважительной причине"),"")} -> На больничном
A87: 20
A88: 20
A89: 21 | C89: Гилязов Фариль | D89: МТЗ-82 | F89: =CONCATENATE(F90," \ ",F91," \ ",F92) -> толкание навоза в комплексе \ \ | I89: =SUM(I90:I92) -> 8 | J89: ='03.07.2025'!J89+I89 -> 32 | K89: =IF(I89>0,'03.07.2025'!K89+1,'03.07.2025'!K89) -> 4 | L89: =SUM(L90:L92) -> 2400 | M89: ='03.07.2025'!M89+L89 -> 9600 | N89: 0
A90: 21 | B90: 817F-F658-F3DC-8743 | C90: Гилязов Фариль | D90: МТЗ-82 | F90: толкание навоза в комплексе | G90: 300 | H90: 8 | I90: 8 | J90: =J89 -> 32 | K90: =K89 -> 4 | L90: =G90*H90 -> 2400 | M90: =M89 -> 9600 | O90: {=IFERROR(_xlfn.IFS(O89="Не работал по уважительной причине","Не работал по уважительной причине",O89="На учебе","На учебе",O89="На больничном","На больничном",O89="Выходной","Выходной", O89="Не работал по неуважительной причине","Не работал по неуважительной причине"),"")}
A91: 21
A92: 21
A93: 22 | C93: Гиззатуллин Ленар | D93: МТЗ-82 | F93: =CONCATENATE(F94," \ ",F95," \ ",F96) -> вывоз жижи бочка 5т \ почасовая работа в комплексе \ ремонт среднего ТС | I93: =SUM(I94:I96) -> 11 | J93: ='03.07.2025'!J93+I93 -> 44 | K93: =IF(I93>0,'03.07.2025'!K93+1,'03.07.2025'!K93) -> 4 | L93: =SUM(L94:L96) -> 2280.5 | M93: ='03.07.2025'!M93+L93 -> 9200.5 | N93: 0
A94: 22 | B94: CE5E-C0B1-ECF7-7E68 | C94: Гиззатуллин Ленар | D94: МТЗ-82 | F94: вывоз жижи бочка 5т | G94: 210 | H94: 5 | I94: 4 | J94: =J93 -> 44 | K94: =K93 -> 4 | L94: =G94*H94 -> 1050 | M94: =M93 -> 9200.5 | O94: {=IFERROR(_xlfn.IFS(O93="Не работал по уважительной причине","Не работал по уважительной причине",O93="На учебе","На учебе",O93="На больничном","На больничном",O93="Выходной","Выходной", O93="Не работал по неуважительной причине","Не работал по неуважительной причине"),"")}
A95: 22 | B95: CE5E-C0B1-ECF7-7E68 | C95: Гиззатуллин Ленар | D95: МТЗ-82 | F95: почасовая работа в комплексе | G95: 200 | H95: 2.5 | I95: 2 | L95: =G95*H95 -> 500
A96: 22 | B96: CE5E-C0B1-ECF7-7E68 | C96: Гиззатуллин Ленар | D96: МТЗ-82 | F96: ремонт среднего ТС | G96: 150 | H96: 4.87 | I96: 5 | L96: =G96*H96 -> 730.5
A97: 23 | C97: Загидуллин Рустам | D97: КЛААС/БАРС | F97: =CONCATENATE(F98," \ ",F99," \ ",F100) -> ремонт большого ТС \ \ | I97: =SUM(I98:I100) -> 0 | J97: ='03.07.2025'!J97+I97 -> 25.3 | K97: =IF(I97>0,'03.07.2025'!K97+1,'03.07.2025'!K97) -> 3 | L97: =SUM(L98:L100) -> 800 | M97: ='03.07.2025'!M97+L97 -> 6019 | N97: 1
A98: 23 | B98: 34C9-6EBA-DC9E-D139 | C98: Загидуллин Рустам | D98: КЛААС | F98: ремонт большого ТС | G98: 200 | H98: 4 | I98: 0 | J98: =J97 -> 25.3 | K98: =K97 -> 3 | L98: =G98*H98 -> 800 | M98: =M97 -> 6019 | O98: {=IFERROR(_xlfn.IFS(O97="Не работал по уважительной причине","Не работал по уважительной причине",O97="На учебе","На учебе",O97="На больничном","На больничном",O97="Выходной","Выходной", O97="Не работал по неуважительной причине","Не работал по неуважительной причине"),"")}
A99: 23 | L99: =G99*H99 -> 0
A100: 23
A101: 24 | C101: Загидуллин Радис | D101: КЛААС/JSB | F101: =CONCATENATE(F102," \ ",F103," \ ",F104) -> ремонт среднего ТС \ \ | I101: =SUM(I102:I104) -> 4 | J101: ='03.07.2025'!J101+I101 -> 20 | K101: =IF(I101>0,'03.07.2025'!K101+1,'03.07.2025'!K101) -> 4 | L101: =SUM(L102:L104) -> 600 | M101: ='03.07.2025'!M101+L101 -> 3400 | N101: 0
A102: 24 | B102: D665-2E72-64A7-42DA | C102: Загидуллин Радис | D102: КЛААС | F102: ремонт среднего ТС | G102: 150 | H102: 4 | I102: 4 | J102: =J101 -> 20 | K102: =K101 -> 4 | L102: =G102*H102 -> 600 | M102: =M101 -> 3400 | O102: {=IFERROR(_xlfn.IFS(O101="Не работал по уважительной причине","Не работал по уважительной причине",O101="На учебе","На учебе",O101="На больничном","На больничном",O101="Выходной","Выходной", O101="Не работал по неуважительной причине","Не работал по неуважительной причине"),"")}
A103: 24 | L103: =G103*H103 -> 0
...

Sheet 05.07.2025
B2: ООО Шахтер | E2: Памятка по цветам
B3: Дата | C3: 45843 | E3: Столбец/строка с критической для работы информацией | F3: Используется в критичной для работы программы логике, должна быть заполнена корректно
E4: Столбец с информацией для генерации отчета | F4: Используется для генерации отчета (Наличие корректной информации отвечает за полноценность информации отчета и не критично)
E5: Мультиполя | F5: Могут быть корректно обработаны в случае нескольких работ у 1 человека. (Имеет смысл указывать только желтые и оранжевые поля для вторых и последующих вхождений одного и того же ID)
A8: № | B8: ID | C8: ФИО | D8: Вид техники | E8: Комментарии | F8: Вид работы | G8: Расценка | H8: Кол-во рейсов/час/га/рулонов/тонн-км | I8: Отработано, часов | J8: Общее кол-во часов | K8: Общее кол-во дней | L8: Сумма за день | M8: Сумма за месяц | N8: Общее кол-во дней ремонта | O8: Причина отсут.на раб.месте
A9: 1 | C9: Сибгатуллин Ильшат | D9: КАМАЗ | F9: =CONCATENATE(F10," \ ",F11," \ ",F12) -> вывоз навоза без прицепа \ ремонт среднего ТС \ | I9: =SUM(I10:I12) -> 5 | J9: ='04.07.2025'!J9+I9 -> 29 | K9: =IF(I9>0,'04.07.2025'!K9+1,'04.07.2025'!K9) -> 4 | L9: =SUM(L10:L12) -> 1746 | M9: ='04.07.2025'!M9+L9 -> 11517.2 | N9: 0
A10: 1 | B10: B321-4958-B09E-D1C4 | C10: Сибгатуллин Ильшат | D10: КАМАЗ | F10: вывоз навоза без прицепа | G10: 25.92 | H10: 50 | I10: 2 | J10: =J9 -> 29 | K10: =K9 -> 4 | L10: =G10*H10 -> 1296 | M10: =M9 -> 11517.2 | O10: {=IFERROR(_xlfn.IFS(O9="Не работал по уважительной причине","Не работал по уважительной причине",O9="На учебе","На учебе",O9="На больничном","На больничном",O9="Выходной","Выходной", O9="Не работал по неуважительной причине","Не работал по неуважительной причине"),"")}
A11: 1 | B11: B321-4958-B09E-D1C4 | C11: Сибгатуллин Ильшат | D11: КАМАЗ | F11: ремонт среднего ТС | G11: 150 | H11: 3 | I11: 3 | L11: =G11*H11 -> 450
A12: 1
A13: 2 | C13: Хакимов Алмаз | D13: КАМАЗ | F13: =CONCATENATE(F14," \ ",F15," \ ",F16) -> ремонт среднего ТС \ вывоз навоза без прицепа \ | I13: =SUM(I14:I16) -> 11 | J13: ='04.07.2025'!J13+I13 -> 23 | K13: =IF(I13>0,'04.07.2025'!K13+1,'04.07.2025'!K13) -> 3 | L13: =SUM(L14:L16) -> 2005.2 | M13: ='04.07.2025'!M13+L13 -> 4069.2 | N13: 0
A14: 2 | B14: F81C-A5F6-75F0-A039 | C14: Хакимов Алмаз | D14: КАМАЗ | F14: ремонт среднего ТС | G14: 150 | H14: 3 | I14: 8 | J14: =J13 -> 23 | K14: =K13 -> 3 | L14: =G14*H14 -> 450 | M14: =M13 -> 4069.2 | O14: {=IFERROR(_xlfn.IFS(O13="Не работал по уважительной причине","Не работал по уважительной причине",O13="На учебе","На учебе",O13="На больничном","На больничном",O13="Выходной","Выходной", O13="Не работал по неуважительной причине","Не работал по неуважительной причине"),"")}
A15: 2 | B15: F81C-A5F6-75F0-A039 | C15: Хакимов Алмаз | D15: КАМАЗ | F15: вывоз навоза без прицепа | G15: 25.92 | H15: 60 | I15: 3 | L15: =G15*H15 -> 1555.2
A16: 2
A17: 3 | C17: Шакиров Алмаз | D17: КАМАЗ | F17: =CONCATENATE(F18," \ ",F19," \ ",F20) -> \ \ | I17: =SUM(I18:I20) -> 0 | J17: ='04.07.2025'!J17+I17 -> 28 | K17: =IF(I17>0,'04.07.2025'!K17+1,'04.07.2025'!K17) -> 4 | L17: =SUM(L18:L20) -> 0 | M17: ='04.07.2025'!M17+L17 -> 4200 | N17: 2 | O17: Не работал по уважительной причине
A18: 3 | B18: B132-B3D7-F67D-21D6 | C18: Шакиров Алмаз | D18: КАМАЗ | J18: =J17 -> 28 | K18: =K17 -> 4 | L18: =G18*H18 -> 0 | M18: =M17 -> 4200 | O18: {=IFERROR(_xlfn.IFS(O17="Не работал по уважительной причине","Не работал по уважительной причине",O17="На учебе","На учебе",O17="На больничном","На больничном",O17="Выходной","Выходной", O17="Не работал по неуважительной причине","Не работал по неуважительной причине"),"")} -> Не работал по уважительной причине
A19: 3
A20: 3
A21: 4 | C21: Хакимуллин Алмаз | D21: КАМАЗ | F21: =CONCATENATE(F22," \ ",F23," \ ",F24) -> ремонт среднего ТС \ вывоз навоза без прицепа \ | I21: =SUM(I22:I24) -> 5 | J21: ='04.07.2025'!J21+I21 -> 37 | K21: =IF(I21>0,'04.07.2025'!K21+1,'04.07.2025'!K21) -> 5 | L21: =SUM(L22:L24) -> 1746 | M21: ='04.07.2025'!M21+L21 -> 9315.6 | N21: 1
A22: 4 | B22: 1EEC-A4AA-2E5F-816A | C22: Хакимуллин Алмаз | D22: КАМАЗ | F22: ремонт среднего ТС | G22: 150 | H22: 3 | I22: 3 | J22: =J21 -> 37 | K22: =K21 -> 5 | L22: =G22*H22 -> 450 | M22: =M21 -> 9315.6 | O22: {=IFERROR(_xlfn.IFS(O21="Не работал по уважительной причине","Не работал по уважительной причине",O21="На учебе","На учебе",O21="На больничном","На больничном",O21="Выходной","Выходной", O21="Не работал по неуважительной причине","Не работал по неуважительной причине"),"")}
A23: 4 | B23: 1EEC-A4AA-2E5F-816A | C23: Хакимуллин Алмаз | D23: КАМАЗ | F23: вывоз навоза без прицепа | G23: 25.92 | H23: 50 | I23: 2 | L23: =G23*H23 -> 1296
A24: 4
A25: 5 | C25: Гилязов Марат | D25: КАМАЗ | F25: =CONCATENATE(F26," \ ",F27," \ ",F28) -> ремонт большого ТС \ \ | I25: =SUM(I26:I28) -> 8 | J25: ='04.07.2025'!J25+I25 -> 40 | K25: =IF(I25>0,'04.07.2025'!K25+1,'04.07.2025'!K25) -> 5 | L25: =SUM(L26:L28) -> 1600 | M25: ='04.07.2025'!M25+L25 -> 8000 | N25: 0
A26: 5 | B26: 9B87-3AB6-19F1-3F4F | C26: Гилязов Марат | D26: Ягуар | F26: ремонт большого ТС | G26: 200 | H26: 8 | I26: 8 | J26: =J25 -> 40 | K26: =K25 -> 5 | L26: =G26*H26 -> 1600 | M26: =M25 -> 8000 | O26: {=IFERROR(_xlfn.IFS(O25="Не работал по уважительной причине","Не работал по уважительной причине",O25="На учебе","На учебе",O25="На больничном","На больничном",O25="Выходной","Выходной", O25="Не работал по неуважительной причине","Не работал по неуважительной причине"),"")}
A27: 5
A28: 5
A29: 6 | C29: Самигуллин Марат | D29: КАМАЗ | F29: =CONCATENATE(F30," \ ",F31," \ ",F32) -> ремонт среднего ТС \ вывоз навоза без прицепа \ | I29: =SUM(I30:I32) -> 7 | J29: ='04.07.2025'!J29+I29 -> 41 | K29: =IF(I29>0,'04.07.2025'!K29+1,'04.07.2025'!K29) -> 5 | L29: =SUM(L30:L32) -> 2523.6 | M29: ='04.07.2025'!M29+L29 -> 9067.6 | N29: 0
A30: 6 | B30: DB23-B6ED-A237-F7F2 | C30: Самигуллин Марат | D30: КАМАЗ | F30: ремонт среднего ТС | G30: 150 | H30: 3 | I30: 3 | J30: =J29 -> 41 | K30: =K29 -> 5 | L30: =G30*H30 -> 450 | M30: =M29 -> 9067.6 | O30: {=IFERROR(_xlfn.IFS(O29="Не работал по уважительной причине","Не работал по уважительной причине",O29="На учебе","На учебе",O29="На больничном","На больничном",O29="Выходной","Выходной", O29="Не работал по неуважительной причине","Не работал по неуважительной причине"),"")}
A31: 6 | B31: DB23-B6ED-A237-F7F2 | C31: Самигуллин Марат | D31: КАМАЗ | F31: вывоз навоза без прицепа | G31: 25.92 | H31: 80 | I31: 4 | L31: =G31*H31 -> 2073.6
A32: 6 | L32: =G32*H32 -> 0
A33: 7 | C33: Хуснутдинов Рамиль | D33: КАМАЗ | F33: =CONCATENATE(F34," \ ",F35," \ ",F36) -> ремонт среднего ТС \ вывоз навоза без прицепа \ | I33: =SUM(I34:I36) -> 4 | J33: ='04.07.2025'!J33+I33 -> 35 | K33: =IF(I33>0,'04.07.2025'!K33+1,'04.07.2025'!K33) -> 5 | L33: =SUM(L34:L36) -> 1486.8 | M33: ='04.07.2025'!M33+L33 -> 9092.8 | N33: 0
A34: 7 | B34: 826C-55E4-ED1D-8549 | C34: Хуснутдинов Рамиль | D34: КАМАЗ | F34: ремонт среднего ТС | G34: 150 | H34: 3 | I34: 3 | J34: =J33 -> 35 | K34: =K33 -> 5 | L34: =G34*H34 -> 450 | M34: =M33 -> 9092.8 | O34: {=IFERROR(_xlfn.IFS(O33="Не работал по уважительной причине","Не работал по уважительной причине",O33="На учебе","На учебе",O33="На больничном","На больничном",O33="Выходной","Выходной", O33="Не работал по неуважительной причине","Не работал по неуважительной причине"),"")}
A35: 7 | B35: 826C-55E4-ED1D-8549 | C35: Хуснутдинов Рамиль | D35: КАМАЗ | F35: вывоз навоза без прицепа | G35: 25.92 | H35: 40 | I35: 1 | L35: =G35*H35 -> 1036.8
A36: 7
A37: 8 | C37: Сафиуллин Фердинант | D37: К-744 | F37: =CONCATENATE(F38," \ ",F39," \ ",F40) -> \ \ | I37: =SUM(I38:I40) -> 0 | J37: ='04.07.2025'!J37+I37 -> 0 | K37: =IF(I37>0,'04.07.2025'!K37+1,'04.07.2025'!K37) -> 1 | L37: =SUM(L38:L40) -> 0 | M37: ='04.07.2025'!M37+L37 -> 0 | N37: 0 | O37: Не работал по уважительной причине
A38: 8 | B38: A70E-55AE-4C30-61A5 | C38: Сафиуллин Фердинант | D38: К-744 | J38: =J37 -> 0 | K38: =K37 -> 1 | L38: =G38*I38 -> 0 | M38: =M37 -> 0 | O38: {=IFERROR(_xlfn.IFS(O37="Не работал по уважительной причине","Не работал по уважительной причине",O37="На учебе","На учебе",O37="На больничном","На больничном",O37="Выходной","Выходной", O37="Не работал по неуважительной причине","Не работал по неуважительной причине"),"")} -> Не работал по уважительной причине
A39: 8
A40: 8
A41: 9 | C41: Зиннатуллин Ильяр | D41: ГАЗ-53/пожарный | F41: =CONCATENATE(F42," \ ",F43," \ ",F44) -> \ \ | I41: =SUM(I42:I44) -> 0 | J41: ='04.07.2025'!J41+I41 -> 4 | K41: =IF(I41>0,'04.07.2025'!K41+1,'04.07.2025'!K41) -> 2 | L41: =SUM(L42:L44) -> 0 | M41: ='04.07.2025'!M41+L41 -> 864 | N41: 0 | O41: Не работал по уважительной причине
A42: 9 | B42: 84AC-63E7-9D34-A357 | C42: Зиннатуллин Ильяр | D42: ГАЗ-53/пожарный | J42: =J41 -> 4 | K42: =K41 -> 2 | L42: =G42*I42 -> 0 | M42: =M41 -> 864 | O42: {=IFERROR(_xlfn.IFS(O41="Не работал по уважительной причине","Не работал по уважительной причине",O41="На учебе","На учебе",O41="На больничном","На больничном",O41="Выходной","Выходной", O41="Не работал по неуважительной причине","Не работал по неуважительной причине"),"")} -> Не работал по уважительной причине
A43: 9
A44: 9
A45: 10 | C45: Гарипов Айрат | D45: МТЗ-1221 | F45: =CONCATENATE(F46," \ ",F47," \ ",F48) -> раздача кормов \ измельчение соломы \ | I45: =SUM(I46:I48) -> 10 | J45: ='04.07.2025'!J45+I45 -> 52 | K45: =IF(I45>0,'04.07.2025'!K45+1,'04.07.2025'!K45) -> 5 | L45: =SUM(L46:L48) -> 2440 | M45: ='04.07.2025'!M45+L45 -> 13100 | N45: 0
A46: 10 | B46: 557B-25FB-94EC-6C71 | C46: Гарипов Айрат | D46: МТЗ-1221 | F46: раздача кормов | G46: 230 | H46: 8 | I46: 8 | J46: =J45 -> 52 | K46: =K45 -> 5 | L46: =G46*H46 -> 1840 | M46: =M45 -> 13100 | O46: {=IFERROR(_xlfn.IFS(O45="Не работал по уважительной причине","Не работал по уважительной причине",O45="На учебе","На учебе",O45="На больничном","На больничном",O45="Выходной","Выходной", O45="Не работал по неуважительной причине","Не работал по неуважительной причине"),"")}
A47: 10 | B47: 557B-25FB-94EC-6C71 | C47: Гарипов Айрат | D47: МТЗ-1221 | F47: измельчение соломы | G47: 300 | H47: 2 | I47: 2 | L47: =G47*H47 -> 600
A48: 10
A49: 11 | C49: Даминов Алмаз | D49: МТЗ-1221 | F49: =CONCATENATE(F50," \ ",F51," \ ",F52) -> раздача кормов \ перемещение силоса \ | I49: =SUM(I50:I52) -> 11 | J49: ='04.07.2025'!J49+I49 -> 55 | K49: =IF(I49>0,'04.07.2025'!K49+1,'04.07.2025'!K49) -> 5 | L49: =SUM(L50:L52) -> 2890 | M49: ='04.07.2025'!M49+L49 -> 13850 | N49: 0
A50: 11 | B50: FDCD-507C-3A15-AE14 | C50: Даминов Алмаз | D50: МТЗ-1221 | F50: раздача кормов | G50: 230 | H50: 8 | I50: 8 | J50: =J49 -> 55 | K50: =K49 -> 5 | L50: =G50*H50 -> 1840 | M50: =M49 -> 13850 | O50: {=IFERROR(_xlfn.IFS(O49="Не работал по уважительной причине","Не работал по уважительной причине",O49="На учебе","На учебе",O49="На больничном","На больничном",O49="Выходной","Выходной", O49="Не работал по неуважительной причине","Не работал по неуважительной причине"),"")}
A51: 11 | B51: FDCD-507C-3A15-AE14 | C51: Даминов Алмаз | D51: МТЗ-1221 | F51: перемещение силоса | G51: 350 | H51: 3 | I51: 3 | L51: =G51*H51 -> 1050
A52: 11 | L52: =G52*H52 -> 0
A53: 12 | C53: Сибгатуллин Ренат | D53: МТЗ-1221 | F53: =CONCATENATE(F54," \ ",F55," \ ",F56) -> Разбрасывание навоза на поле МТУ-18 \ \ | I53: =SUM(I54:I56) -> 10 | J53: ='04.07.2025'!J53+I53 -> 18 | K53: =IF(I53>0,'04.07.2025'!K53+1,'04.07.2025'!K53) -> 2 | L53: =SUM(L54:L56) -> 3234 | M53: ='04.07.2025'!M53+L53 -> 4614 | N53: 0
A54: 12 | B54: 5D9A-F109-F9E7-3E5D | C54: Сибгатуллин Ренат | D54: МТЗ-1221 | F54: Разбрасывание навоза на поле МТУ-18 | G54: 6.6 | H54: 490 | I54: 10 | J54: =J53 -> 18 | K54: =K53 -> 2 | L54: =G54*H54 -> 3234 | M54: =M53 -> 4614 | O54: {=IFERROR(_xlfn.IFS(O53="Не работал по уважительной причине","Не работал по уважительной причине",O53="На учебе","На учебе",O53="На больничном","На больничном",O53="Выходной","Выходной", O53="Не работал по неуважительной причине","Не работал по неуважительной причине"),"")}
A55: 12
A56: 12
A57: 13 | C57: Марданов Ильнур | D57: Ягуар/МТЗ-1221 | F57: =CONCATENATE(F58," \ ",F59," \ ",F60) -> вывоз жижи бочка 10т \ \ | I57: =SUM(I58:I60) -> 3 | J57: ='04.07.2025'!J57+I57 -> 28 | K57: =IF(I57>0,'04.07.2025'!K57+1,'04.07.2025'!K57) -> 3 | L57: =SUM(L58:L60) -> 1150 | M57: ='04.07.2025'!M57+L57 -> 5730 | N57: 0
A58: 13 | B58: DF4D-FC93-8A9F-97B9 | C58: Марданов Ильнур | D58: МТЗ-1221 | F58: вывоз жижи бочка 10т | G58: 230 | H58: 5 | I58: 3 | J58: =J57 -> 28 | K58: =K57 -> 3 | L58: =G58*H58 -> 1150 | M58: =M57 -> 5730 | O58: {=IFERROR(_xlfn.IFS(O57="Не работал по уважительной причине","Не работал по уважительной причине",O57="На учебе","На учебе",O57="На больничном","На больничном",O57="Выходной","Выходной", O57="Не работал по неуважительной причине","Не работал по неуважительной причине"),"")}
A59: 13
A60: 13
A61: 14 | C61: Марданов Газинур | D61: МТЗ-1221 | F61: =CONCATENATE(F62," \ ",F63," \ ",F64) -> вывоз жижи бочка 10т \ ремонт среднего ТС \ | I61: =SUM(I62:I64) -> 5 | J61: ='04.07.2025'!J61+I61 -> 37 | K61: =IF(I61>0,'04.07.2025'!K61+1,'04.07.2025'!K61) -> 5 | L61: =SUM(L62:L64) -> 1140 | M61: ='04.07.2025'!M61+L61 -> 5970 | N61: 0
A62: 14 | B62: 7D6E-C387-6D53-EB81 | C62: Марданов Газинур | D62: МТЗ-1221 | F62: вывоз жижи бочка 10т | G62: 230 | H62: 3 | I62: 2 | J62: =J61 -> 37 | K62: =K61 -> 5 | L62: =G62*H62 -> 690 | M62: =M61 -> 5970 | O62: {=IFERROR(_xlfn.IFS(O61="Не работал по уважительной причине","Не работал по уважительной причине",O61="На учебе","На учебе",O61="На больничном","На больничном",O61="Выходной","Выходной", O61="Не работал по неуважительной причине","Не работал по неуважительной причине"),"")}
A63: 14 | B63: 7D6E-C387-6D53-EB81 | C63: Марданов Газинур | D63: МТЗ-1221 | F63: ремонт среднего ТС | G63: 150 | H63: 3 | I63: 3 | L63: =G63*H63 -> 450
A64: 14
A65: 15 | C65: Гилязутдинов Равис | D65: МТЗ-1221 | F65: =CONCATENATE(F66," \ ",F67," \ ",F68) -> вывоз жижи бочка 5т \ ремонт большого ТС \ | I65: =SUM(I66:I68) -> 10 | J65: ='04.07.2025'!J65+I65 -> 50 | K65: =IF(I65>0,'04.07.2025'!K65+1,'04.07.2025'!K65) -> 5 | L65: =SUM(L66:L68) -> 1640 | M65: ='04.07.2025'!M65+L65 -> 7270 | N65: 1
A66: 15 | B66: A7DC-C920-DF83-2135 | C66: Гилязутдинов Равис | D66: МТЗ-1221 | F66: вывоз жижи бочка 5т | G66: 210 | H66: 4 | I66: 6 | J66: =J65 -> 50 | K66: =K65 -> 5 | L66: =G66*H66 -> 840 | M66: =M65 -> 7270 | O66: {=IFERROR(_xlfn.IFS(O65="Не работал по уважительной причине","Не работал по уважительной причине",O65="На учебе","На учебе",O65="На больничном","На больничном",O65="Выходной","Выходной", O65="Не работал по неуважительной причине","Не работал по неуважительной причине"),"")}
A67: 15 | B67: A7DC-C920-DF83-2135 | C67: Гилязутдинов Равис | D67: МТЗ-1221 | F67: ремонт большого ТС | G67: 200 | H67: 4 | I67: 4 | L67: =G67*H67 -> 800
A68: 15
A69: 16 | C69: Идрисов Фанис | D69: МТЗ-1221 | F69: =CONCATENATE(F70," \ ",F71," \ ",F72) -> \ \ | I69: =SUM(I70:I72) -> 0 | J69: ='04.07.2025'!J69+I69 -> 0 | K69: =IF(I69>0,'04.07.2025'!K69+1,'04.07.2025'!K69) -> 0 | L69: =SUM(L70:L72) -> 0 | M69: ='04.07.2025'!M69+L69 -> 0 | N69: 0 | O69: На больничном
A70: 16 | B70: 88F9-5D77-620C-6724 | C70: Идрисов Фанис | D70: МТЗ-1221 | J70: =J69 -> 0 | K70: =K69 -> 0 | L70: =G70*H70 -> 0 | M70: =M69 -> 0 | O70: {=IFERROR(_xlfn.IFS(O69="Не работал по уважительной причине","Не работал по уважительной причине",O69="На учебе","На учебе",O69="На больничном","На больничном",O69="Выходной","Выходной", O69="Не работал по неуважительной причине","Не работал по неуважительной причине"),"")} -> На больничном
A71: 16
A72: 16
A73: 17 | C73: Бурганов Ильдус | D73: МТЗ-1221 | F73: =CONCATENATE(F74," \ ",F75," \ ",F76) -> ремонт среднего ТС \ \ | I73: =SUM(I74:I76) -> 8 | J73: ='04.07.2025'!J73+I73 -> 24 | K73: =IF(I73>0,'04.07.2025'!K73+1,'04.07.2025'!K73) -> 3 | L73: =SUM(L74:L76) -> 1200 | M73: ='04.07.2025'!M73+L73 -> 3600 | N73: 1
A74: 17 | B74: B9AE-D68F-9D53-65BF | C74: Бурганов Ильдус | D74: МТЗ-1221 | F74: ремонт среднего ТС | G74: 150 | H74: 8 | I74: 8 | J74: =J73 -> 24 | K74: =K73 -> 3 | L74: =G74*H74 -> 1200 | M74: =M73 -> 3600 | O74: {=IFERROR(_xlfn.IFS(O73="Не работал по уважительной причине","Не работал по уважительной причине",O73="На учебе","На учебе",O73="На больничном","На больничном",O73="Выходной","Выходной", O73="Не работал по неуважительной причине","Не работал по неуважительной причине"),"")}
A75: 17
A76: 17
A77: 18 | C77: Зиннатуллин Ильнар | D77: МТЗ-82/К-742 | F77: =CONCATENATE(F78," \ ",F79," \ ",F80) -> \ \ | I77: =SUM(I78:I80) -> 0 | J77: ='04.07.2025'!J77+I77 -> 0 | K77: =IF(I77>0,'04.07.2025'!K77+1,'04.07.2025'!K77) -> 0 | L77: =SUM(L78:L80) -> 0 | M77: ='04.07.2025'!M77+L77 -> 0 | N77: 0 | O77: Не работал по уважительной причине
A78: 18 | B78: 895A-537E-1E32-5C42 | C78: Зиннатуллин Ильнар | J78: =J77 -> 0 | K78: =K77 -> 0 | L78: =G78*H78 -> 0 | M78: =M77 -> 0 | O78: {=IFERROR(_xlfn.IFS(O77="Не работал по уважительной причине","Не работал по уважительной причине",O77="На учебе","На учебе",O77="На больничном","На больничном",O77="Выходной","Выходной", O77="Не работал по неуважительной причине","Не работал по неуважительной причине"),"")} -> Не работал по уважительной причине
A79: 18
A80: 18
A81: 19 | C81: Гарипов Радиф | D81: МТЗ-82 | F81: =CONCATENATE(F82," \ ",F83," \ ",F84) -> раздача кормов \ \ | I81: =SUM(I82:I84) -> 8 | J81: ='04.07.2025'!J81+I81 -> 39.4 | K81: =IF(I81>0,'04.07.2025'!K81+1,'04.07.2025'!K81) -> 5 | L81: =SUM(L82:L84) -> 1840 | M81: ='04.07.2025'!M81+L81 -> 9062 | N81: 0
A82: 19 | B82: 11F9-D23E-3538-3F4A | C82: Гарипов Радиф | D82: МТЗ-82 | F82: раздача кормов | G82: 230 | H82: 8 | I82: 8 | J82: =J81 -> 39.4 | K82: =K81 -> 5 | L82: =G82*H82 -> 1840 | M82: =M81 -> 9062 | O82: {=IFERROR(_xlfn.IFS(O81="Не работал по уважительной причине","Не работал по уважительной причине",O81="На учебе","На учебе",O81="На больничном","На больничном",O81="Выходной","Выходной", O81="Не работал по неуважительной причине","Не работал по неуважительной причине"),"")}
A83: 19
A84: 19
A85: 20 | C85: Гарипов Ленар | D85: МТЗ-82 КУН | F85: =CONCATENATE(F86," \ ",F87," \ ",F88) -> \ \ | I85: =SUM(I86:I88) -> 0 | J85: ='04.07.2025'!J85+I85 -> 3 | K85: =IF(I85>0,'04.07.2025'!K85+1,'04.07.2025'!K85) -> 1 | L85: =SUM(L86:L88) -> 0 | M85: ='04.07.2025'!M85+L85 -> 900 | N85: 0 | O85: На больничном
A86: 20 | B86: 4B06-16A7-C3EC-BD38 | C86: Гарипов Ленар | D86: МТЗ-82 КУН | J86: =J85 -> 3 | K86: =K85 -> 1 | L86: =G86*H86 -> 0 | M86: =M85 -> 900 | O86: {=IFERROR(_xlfn.IFS(O85="Не работал по уважительной причине","Не работал по уважительной причине",O85="На учебе","На учебе",O85="На больничном","На больничном",O85="Выходной","Выходной", O85="Не работал по неуважительной причине","Не работал по неуважительной причине"),"")} -> На больничном
A87: 20
A88: 20
A89: 21 | C89: Гилязов Фариль | D89: МТЗ-82 | F89: =CONCATENATE(F90," \ ",F91," \ ",F92) -> толкание навоза в комплексе \ \ | I89: =SUM(I90:I92) -> 8 | J89: ='04.07.2025'!J89+I89 -> 40 | K89: =IF(I89>0,'04.07.2025'!K89+1,'04.07.2025'!K89) -> 5 | L89: =SUM(L90:L92) -> 2400 | M89: ='04.07.2025'!M89+L89 -> 12000 | N89: 0
A90: 21 | B90: 817F-F658-F3DC-8743 | C90: Гилязов Фариль | D90: МТЗ-82 | F90: толкание навоза в комплексе | G90: 300 | H90: 8 | I90: 8 | J90: =J89 -> 40 | K90: =K89 -> 5 | L90: =G90*H90 -> 2400 | M90: =M89 -> 12000 | O90: {=IFERROR(_xlfn.IFS(O89="Не работал по уважительной причине","Не работал по уважительной причине",O89="На учебе","На учебе",O89="На больничном","На больничном",O89="Выходной","Выходной", O89="Не работал по неуважительной причине","Не работал по неуважительной причине"),"")}
A91: 21
A92: 21
A93: 22 | C93: Гиззатуллин Ленар | D93: МТЗ-82 | F93: =CONCATENATE(F94," \ ",F95," \ ",F96) -> вывоз жижи бочка 5т \ почасовая работа в комплексе \ ремонт среднего ТС | I93: =SUM(I94:I96) -> 11 | J93: ='04.07.2025'!J93+I93 -> 55 | K93: =IF(I93>0,'04.07.2025'!K93+1,'04.07.2025'!K93) -> 5 | L93: =SUM(L94:L96) -> 2040.5 | M93: ='04.07.2025'!M93+L93 -> 11241 | N93: 0
A94: 22 | B94: CE5E-C0B1-ECF7-7E68 | C94: Гиззатуллин Ленар | D94: МТЗ-82 | F94: вывоз жижи бочка 5т | G94: 210 | H94: 5 | I94: 4 | J94: =J93 -> 55 | K94: =K93 -> 5 | L94: =G94*H94 -> 1050 | M94: =M93 -> 11241 | O94: {=IFERROR(_xlfn.IFS(O93="Не работал по уважительной причине","Не работал по уважительной причине",O93="На учебе","На учебе",O93="На больничном","На больничном",O93="Выходной","Выходной", O93="Не работал по неуважительной причине","Не работал по неуважительной причине"),"")}
A95: 22 | B95: CE5E-C0B1-ECF7-7E68 | C95: Гиззатуллин Ленар | D95: МТЗ-82 | F95: почасовая работа в комплексе | G95: 200 | H95: 2.5 | I95: 2 | L95: =G95*H95 -> 500
A96: 22 | B96: CE5E-C0B1-ECF7-7E68 | C96: Гиззатуллин Ленар | D96: МТЗ-82 | F96: ремонт среднего ТС | G96: 150 | H96: 3.27 | I96: 5 | L96: =G96*H96 -> 490.5
A97: 23 | C97: Загидуллин Рустам | D97: КЛААС/БАРС | F97: =CONCATENATE(F98," \ ",F99," \ ",F100) -> ремонт большого ТС \ \ | I97: =SUM(I98:I100) -> 0 | J97: ='04.07.2025'!J97+I97 -> 25.3 | K97: =IF(I97>0,'04.07.2025'!K97+1,'04.07.2025'!K97) -> 3 | L97: =SUM(L98:L100) -> 1600 | M97: ='04.07.2025'!M97+L97 -> 7619 | N97: 1
A98: 23 | B98: 34C9-6EBA-DC9E-D139 | C98: Загидуллин Рустам | D98: КЛААС | F98: ремонт большого ТС | G98: 200 | H98: 8 | I98: 0 | J98: =J97 -> 25.3 | K98: =K97 -> 3 | L98: =G98*H98 -> 1600 | M98: =M97 -> 7619 | O98: {=IFERROR(_xlfn.IFS(O97="Не работал по уважительной причине","Не работал по уважительной причине",O97="На учебе","На учебе",O97="На больничном","На больничном",O97="Выходной","Выходной", O97="Не работал по неуважительной причине","Не работал по неуважительной причине"),"")}
A99: 23 | L99: =G99*H99 -> 0
A100: 23
A101: 24 | C101: Загидуллин Радис | D101: КЛААС/JSB | F101: =CONCATENATE(F102," \ ",F103," \ ",F104) -> ремонт среднего ТС \ \ | I101: =SUM(I102:I104) -> 4 | J101: ='04.07.2025'!J101+I101 -> 24 | K101: =IF(I101>0,'04.07.2025'!K101+1,'04.07.2025'!K101) -> 5 | L101: =SUM(L102:L104) -> 600 | M101: ='04.07.2025'!M101+L101 -> 4000 | N101: 0
A102: 24 | B102: D665-2E72-64A7-42DA | C102: Загидуллин Радис | D102: КЛААС | F102: ремонт среднего ТС | G102: 150 | H102: 4 | I102: 4 | J102: =J101 -> 24 | K102: =K101 -> 5 | L102: =G102*H102 -> 600 | M102: =M101 -> 4000 | O102: {=IFERROR(_xlfn.IFS(O101="Не работал по уважительной причине","Не работал по уважительной причине",O101="На учебе","На учебе",O101="На больничном","На больничном",O101="Выходной","Выходной", O101="Не работал по неуважительной причине","Не работал по неуважительной причине"),"")}
A103: 24 | L103: =G103*H103 -> 0
...

Sheet 06.07.2025
B2: ООО Шахтер | E2: Памятка по цветам
B3: Дата | C3: 45844 | E3: Столбец/строка с критической для работы информацией | F3: Используется в критичной для работы программы логике, должна быть заполнена корректно
E4: Столбец с информацией для генерации отчета | F4: Используется для генерации отчета (Наличие корректной информации отвечает за полноценность информации отчета и не критично)
E5: Мультиполя | F5: Могут быть корректно обработаны в случае нескольких работ у 1 человека. (Имеет смысл указывать только желтые и оранжевые поля для вторых и последующих вхождений одного и того же ID)
A8: № | B8: ID | C8: ФИО | D8: Вид техники | E8: Комментарии | F8: Вид работы | G8: Расценка | H8: Кол-во рейсов/час/га/рулонов/тонн-км | I8: Отработано, часов | J8: Общее кол-во часов | K8: Общее кол-во дней | L8: Сумма за день | M8: Сумма за месяц | N8: Общее кол-во дней ремонта | O8: Причина отсут.на раб.месте
A9: 1 | C9: Сибгатуллин Ильшат | D9: КАМАЗ | F9: =CONCATENATE(F10," \ ",F11," \ ",F12) -> вывоз навоза без прицепа \ \ | I9: =SUM(I10:I12) -> 7 | J9: ='05.07.2025'!J9+I9 -> 36 | K9: =IF(I9>0,'05.07.2025'!K9+1,'05.07.2025'!K9) -> 5 | L9: =SUM(L10:L12) -> 8812.8 | M9: ='05.07.2025'!M9+L9 -> 20330 | N9: 0
A10: 1 | B10: B321-4958-B09E-D1C4 | C10: Сибгатуллин Ильшат | D10: КАМАЗ | F10: вывоз навоза без прицепа | G10: 51.84 | H10: 170 | I10: 7 | J10: =J9 -> 36 | K10: =K9 -> 5 | L10: =G10*H10 -> 8812.8 | M10: =M9 -> 20330 | O10: {=IFERROR(_xlfn.IFS(O9="Не работал по уважительной причине","Не работал по уважительной причине",O9="На учебе","На учебе",O9="На больничном","На больничном",O9="Выходной","Выходной", O9="Не работал по неуважительной причине","Не работал по неуважительной причине"),"")}
A11: 1 | L11: =G11*H11 -> 0
A12: 1
A13: 2 | C13: Хакимов Алмаз | D13: КАМАЗ | F13: =CONCATENATE(F14," \ ",F15," \ ",F16) -> ремонт среднего ТС \ вывоз навоза без прицепа \ | I13: =SUM(I14:I16) -> 7 | J13: ='05.07.2025'!J13+I13 -> 30 | K13: =IF(I13>0,'05.07.2025'!K13+1,'05.07.2025'!K13) -> 4 | L13: =SUM(L14:L16) -> 6820.8 | M13: ='05.07.2025'!M13+L13 -> 10890 | N13: 0
A14: 2 | B14: F81C-A5F6-75F0-A039 | C14: Хакимов Алмаз | D14: КАМАЗ | F14: ремонт среднего ТС | G14: 300 | H14: 2 | I14: 2 | J14: =J13 -> 30 | K14: =K13 -> 4 | L14: =G14*H14 -> 600 | M14: =M13 -> 10890 | O14: {=IFERROR(_xlfn.IFS(O13="Не работал по уважительной причине","Не работал по уважительной причине",O13="На учебе","На учебе",O13="На больничном","На больничном",O13="Выходной","Выходной", O13="Не работал по неуважительной причине","Не работал по неуважительной причине"),"")}
A15: 2 | B15: F81C-A5F6-75F0-A039 | C15: Хакимов Алмаз | D15: КАМАЗ | F15: вывоз навоза без прицепа | G15: 51.84 | H15: 120 | I15: 5 | L15: =G15*H15 -> 6220.8
A16: 2
A17: 3 | C17: Шакиров Алмаз | D17: КАМАЗ | F17: =CONCATENATE(F18," \ ",F19," \ ",F20) -> \ \ | I17: =SUM(I18:I20) -> 0 | J17: ='05.07.2025'!J17+I17 -> 28 | K17: =IF(I17>0,'05.07.2025'!K17+1,'05.07.2025'!K17) -> 4 | L17: =SUM(L18:L20) -> 0 | M17: ='05.07.2025'!M17+L17 -> 4200 | N17: 2 | O17: Не работал по уважительной причине
A18: 3 | B18: B132-B3D7-F67D-21D6 | C18: Шакиров Алмаз | D18: КАМАЗ | J18: =J17 -> 28 | K18: =K17 -> 4 | L18: =G18*H18 -> 0 | M18: =M17 -> 4200 | O18: {=IFERROR(_xlfn.IFS(O17="Не работал по уважительной причине","Не работал по уважительной причине",O17="На учебе","На учебе",O17="На больничном","На больничном",O17="Выходной","Выходной", O17="Не работал по неуважительной причине","Не работал по неуважительной причине"),"")} -> Не работал по уважительной причине
A19: 3
A20: 3
A21: 4 | C21: Хакимуллин Алмаз | D21: КАМАЗ | F21: =CONCATENATE(F22," \ ",F23," \ ",F24) -> ремонт среднего ТС \ вывоз навоза без прицепа \ | I21: =SUM(I22:I24) -> 6 | J21: ='05.07.2025'!J21+I21 -> 43 | K21: =IF(I21>0,'05.07.2025'!K21+1,'05.07.2025'!K21) -> 6 | L21: =SUM(L22:L24) -> 7339.2 | M21: ='05.07.2025'!M21+L21 -> 16654.8 | N21: 1
A22: 4 | B22: 1EEC-A4AA-2E5F-816A | C22: Хакимуллин Алмаз | D22: КАМАЗ | F22: ремонт среднего ТС | G22: 300 | H22: 2 | I22: 2 | J22: =J21 -> 43 | K22: =K21 -> 6 | L22: =G22*H22 -> 600 | M22: =M21 -> 16654.8 | O22: {=IFERROR(_xlfn.IFS(O21="Не работал по уважительной причине","Не работал по уважительной причине",O21="На учебе","На учебе",O21="На больничном","На больничном",O21="Выходной","Выходной", O21="Не работал по неуважительной причине","Не работал по неуважительной причине"),"")}
A23: 4 | B23: 1EEC-A4AA-2E5F-816A | C23: Хакимуллин Алмаз | D23: КАМАЗ | F23: вывоз навоза без прицепа | G23: 51.84 | H23: 130 | I23: 4 | L23: =G23*H23 -> 6739.2
A24: 4
A25: 5 | C25: Гилязов Марат | D25: КАМАЗ | F25: =CONCATENATE(F26," \ ",F27," \ ",F28) -> ремонт большого ТС \ \ | I25: =SUM(I26:I28) -> 8 | J25: ='05.07.2025'!J25+I25 -> 48 | K25: =IF(I25>0,'05.07.2025'!K25+1,'05.07.2025'!K25) -> 6 | L25: =SUM(L26:L28) -> 3200 | M25: ='05.07.2025'!M25+L25 -> 11200 | N25: 0
A26: 5 | B26: 9B87-3AB6-19F1-3F4F | C26: Гилязов Марат | D26: Ягуар | F26: ремонт большого ТС | G26: 400 | H26: 8 | I26: 8 | J26: =J25 -> 48 | K26: =K25 -> 6 | L26: =G26*H26 -> 3200 | M26: =M25 -> 11200 | O26: {=IFERROR(_xlfn.IFS(O25="Не работал по уважительной причине","Не работал по уважительной причине",O25="На учебе","На учебе",O25="На больничном","На больничном",O25="Выходной","Выходной", O25="Не работал по неуважительной причине","Не работал по неуважительной причине"),"")}
A27: 5
A28: 5
A29: 6 | C29: Самигуллин Марат | D29: КАМАЗ | F29: =CONCATENATE(F30," \ ",F31," \ ",F32) -> вывоз навоза без прицепа \ \ | I29: =SUM(I30:I32) -> 5 | J29: ='05.07.2025'!J29+I29 -> 46 | K29: =IF(I29>0,'05.07.2025'!K29+1,'05.07.2025'!K29) -> 6 | L29: =SUM(L30:L32) -> 7776 | M29: ='05.07.2025'!M29+L29 -> 16843.6 | N29: 0
A30: 6 | B30: DB23-B6ED-A237-F7F2 | C30: Самигуллин Марат | D30: КАМАЗ | F30: вывоз навоза без прицепа | G30: 51.84 | H30: 150 | I30: 5 | J30: =J29 -> 46 | K30: =K29 -> 6 | L30: =G30*H30 -> 7776 | M30: =M29 -> 16843.6 | O30: {=IFERROR(_xlfn.IFS(O29="Не работал по уважительной причине","Не работал по уважительной причине",O29="На учебе","На учебе",O29="На больничном","На больничном",O29="Выходной","Выходной", O29="Не работал по неуважительной причине","Не работал по неуважительной причине"),"")}
A31: 6 | L31: =G31*H31 -> 0
A32: 6 | L32: =G32*H32 -> 0
A33: 7 | C33: Хуснутдинов Рамиль | D33: КАМАЗ | F33: =CONCATENATE(F34," \ ",F35," \ ",F36) -> вывоз навоза без прицепа \ \ | I33: =SUM(I34:I36) -> 7 | J33: ='05.07.2025'!J33+I33 -> 42 | K33: =IF(I33>0,'05.07.2025'!K33+1,'05.07.2025'!K33) -> 6 | L33: =SUM(L34:L36) -> 7257.6 | M33: ='05.07.2025'!M33+L33 -> 16350.4 | N33: 0
A34: 7 | B34: 826C-55E4-ED1D-8549 | C34: Хуснутдинов Рамиль | D34: КАМАЗ | F34: вывоз навоза без прицепа | G34: 51.84 | H34: 140 | I34: 7 | J34: =J33 -> 42 | K34: =K33 -> 6 | L34: =G34*H34 -> 7257.6 | M34: =M33 -> 16350.4 | O34: {=IFERROR(_xlfn.IFS(O33="Не работал по уважительной причине","Не работал по уважительной причине",O33="На учебе","На учебе",O33="На больничном","На больничном",O33="Выходной","Выходной", O33="Не работал по неуважительной причине","Не работал по неуважительной причине"),"")}
A35: 7 | L35: =G35*H35 -> 0
A36: 7
A37: 8 | C37: Сафиуллин Фердинант | D37: К-744 | F37: =CONCATENATE(F38," \ ",F39," \ ",F40) -> \ \ | I37: =SUM(I38:I40) -> 0 | J37: ='05.07.2025'!J37+I37 -> 0 | K37: =IF(I37>0,'05.07.2025'!K37+1,'05.07.2025'!K37) -> 1 | L37: =SUM(L38:L40) -> 0 | M37: ='05.07.2025'!M37+L37 -> 0 | N37: 0 | O37: Не работал по уважительной причине
A38: 8 | B38: A70E-55AE-4C30-61A5 | C38: Сафиуллин Фердинант | D38: К-744 | J38: =J37 -> 0 | K38: =K37 -> 1 | L38: =G38*I38 -> 0 | M38: =M37 -> 0 | O38: {=IFERROR(_xlfn.IFS(O37="Не работал по уважительной причине","Не работал по уважительной причине",O37="На учебе","На учебе",O37="На больничном","На больничном",O37="Выходной","Выходной", O37="Не работал по неуважительной причине","Не работал по неуважительной причине"),"")} -> Не работал по уважительной причине
A39: 8
A40: 8
A41: 9 | C41: Зиннатуллин Ильяр | D41: ГАЗ-53/пожарный | F41: =CONCATENATE(F42," \ ",F43," \ ",F44) -> вахта пожарная \ Выход пожарной машины \ | I41: =SUM(I42:I44) -> 8.3 | J41: ='05.07.2025'!J41+I41 -> 12.3 | K41: =IF(I41>0,'05.07.2025'!K41+1,'05.07.2025'!K41) -> 3 | L41: =SUM(L42:L44) -> 3789.6 | M41: ='05.07.2025'!M41+L41 -> 4653.6 | N41: 0
A42: 9 | B42: 84AC-63E7-9D34-A357 | C42: Зиннатуллин Ильяр | D42: ГАЗ-53/пожарный | F42: вахта пожарная | G42: 432 | H42: 5.3 | I42: 5.3 | J42: =J41 -> 12.3 | K42: =K41 -> 3 | L42: =G42*I42 -> 2289.6 | M42: =M41 -> 4653.6 | O42: {=IFERROR(_xlfn.IFS(O41="Не работал по уважительной причине","Не работал по уважительной причине",O41="На учебе","На учебе",O41="На больничном","На больничном",O41="Выходной","Выходной", O41="Не работал по неуважительной причине","Не работал по неуважительной причине"),"")}
A43: 9 | B43: 84AC-63E7-9D34-A357 | C43: Зиннатуллин Ильяр | D43: ГАЗ-53/пожарный | F43: Выход пожарной машины | G43: 500 | H43: 3 | I43: 3 | L43: =G43*I43 -> 1500
A44: 9
A45: 10 | C45: Гарипов Айрат | D45: МТЗ-1221 | F45: =CONCATENATE(F46," \ ",F47," \ ",F48) -> раздача кормов \ перемещение силоса \ | I45: =SUM(I46:I48) -> 11 | J45: ='05.07.2025'!J45+I45 -> 63 | K45: =IF(I45>0,'05.07.2025'!K45+1,'05.07.2025'!K45) -> 6 | L45: =SUM(L46:L48) -> 5780 | M45: ='05.07.2025'!M45+L45 -> 18880 | N45: 0
A46: 10 | B46: 557B-25FB-94EC-6C71 | C46: Гарипов Айрат | D46: МТЗ-1221 | F46: раздача кормов | G46: 460 | H46: 8 | I46: 8 | J46: =J45 -> 63 | K46: =K45 -> 6 | L46: =G46*H46 -> 3680 | M46: =M45 -> 18880 | O46: {=IFERROR(_xlfn.IFS(O45="Не работал по уважительной причине","Не работал по уважительной причине",O45="На учебе","На учебе",O45="На больничном","На больничном",O45="Выходной","Выходной", O45="Не работал по неуважительной причине","Не работал по неуважительной причине"),"")}
A47: 10 | B47: 557B-25FB-94EC-6C71 | C47: Гарипов Айрат | D47: МТЗ-1221 | F47: перемещение силоса | G47: 700 | H47: 3 | I47: 3 | L47: =G47*H47 -> 2100
A48: 10
A49: 11 | C49: Даминов Алмаз | D49: МТЗ-1221 | F49: =CONCATENATE(F50," \ ",F51," \ ",F52) -> раздача кормов \ измельчение соломы \ | I49: =SUM(I50:I52) -> 10 | J49: ='05.07.2025'!J49+I49 -> 65 | K49: =IF(I49>0,'05.07.2025'!K49+1,'05.07.2025'!K49) -> 6 | L49: =SUM(L50:L52) -> 4880 | M49: ='05.07.2025'!M49+L49 -> 18730 | N49: 0
A50: 11 | B50: FDCD-507C-3A15-AE14 | C50: Даминов Алмаз | D50: МТЗ-1221 | F50: раздача кормов | G50: 460 | H50: 8 | I50: 8 | J50: =J49 -> 65 | K50: =K49 -> 6 | L50: =G50*H50 -> 3680 | M50: =M49 -> 18730 | O50: {=IFERROR(_xlfn.IFS(O49="Не работал по уважительной причине","Не работал по уважительной причине",O49="На учебе","На учебе",O49="На больничном","На больничном",O49="Выходной","Выходной", O49="Не работал по неуважительной причине","Не работал по неуважительной причине"),"")}
A51: 11 | B51: FDCD-507C-3A15-AE14 | C51: Даминов Алмаз | D51: МТЗ-1221 | F51: измельчение соломы | G51: 600 | H51: 2 | I51: 2 | L51: =G51*H51 -> 1200
A52: 11 | L52: =G52*H52 -> 0
A53: 12 | C53: Сибгатуллин Ренат | D53: МТЗ-1221 | F53: =CONCATENATE(F54," \ ",F55," \ ",F56) -> \ \ | I53: =SUM(I54:I56) -> 0 | J53: ='05.07.2025'!J53+I53 -> 18 | K53: =IF(I53>0,'05.07.2025'!K53+1,'05.07.2025'!K53) -> 2 | L53: =SUM(L54:L56) -> 0 | M53: ='05.07.2025'!M53+L53 -> 4614 | N53: 0 | O53: Не работал по уважительной причине
A54: 12 | B54: 5D9A-F109-F9E7-3E5D | C54: Сибгатуллин Ренат | D54: МТЗ-1221 | J54: =J53 -> 18 | K54: =K53 -> 2 | L54: =G54*H54 -> 0 | M54: =M53 -> 4614 | O54: {=IFERROR(_xlfn.IFS(O53="Не работал по уважительной причине","Не работал по уважительной причине",O53="На учебе","На учебе",O53="На больничном","На больничном",O53="Выходной","Выходной", O53="Не работал по неуважительной причине","Не работал по неуважительной причине"),"")} -> Не работал по уважительной причине
A55: 12
A56: 12
A57: 13 | C57: Марданов Ильнур | D57: Ягуар/МТЗ-1221 | F57: =CONCATENATE(F58," \ ",F59," \ ",F60) -> вывоз жижи бочка 10т \ ремонт большого ТС \ | I57: =SUM(I58:I60) -> 7 | J57: ='05.07.2025'!J57+I57 -> 35 | K57: =IF(I57>0,'05.07.2025'!K57+1,'05.07.2025'!K57) -> 4 | L57: =SUM(L58:L60) -> 4880 | M57: ='05.07.2025'!M57+L57 -> 10610 | N57: 0
A58: 13 | B58: DF4D-FC93-8A9F-97B9 | C58: Марданов Ильнур | D58: МТЗ-1221 | F58: вывоз жижи бочка 10т | G58: 460 | H58: 8 | I58: 4 | J58: =J57 -> 35 | K58: =K57 -> 4 | L58: =G58*H58 -> 3680 | M58: =M57 -> 10610 | O58: {=IFERROR(_xlfn.IFS(O57="Не работал по уважительной причине","Не работал по уважительной причине",O57="На учебе","На учебе",O57="На больничном","На больничном",O57="Выходной","Выходной", O57="Не работал по неуважительной причине","Не работал по неуважительной причине"),"")}
A59: 13 | D59: Ягуар | F59: ремонт большого ТС | G59: 400 | H59: 3 | I59: 3 | L59: =G59*H59 -> 1200
A60: 13
A61: 14 | C61: Марданов Газинур | D61: МТЗ-1221 | F61: =CONCATENATE(F62," \ ",F63," \ ",F64) -> вывоз жижи бочка 10т \ ремонт среднего ТС \ | I61: =SUM(I62:I64) -> 8 | J61: ='05.07.2025'!J61+I61 -> 45 | K61: =IF(I61>0,'05.07.2025'!K61+1,'05.07.2025'!K61) -> 6 | L61: =SUM(L62:L64) -> 4120 | M61: ='05.07.2025'!M61+L61 -> 10090 | N61: 0
A62: 14 | B62: 7D6E-C387-6D53-EB81 | C62: Марданов Газинур | D62: МТЗ-1221 | F62: вывоз жижи бочка 10т | G62: 460 | H62: 7 | I62: 5 | J62: =J61 -> 45 | K62: =K61 -> 6 | L62: =G62*H62 -> 3220 | M62: =M61 -> 10090 | O62: {=IFERROR(_xlfn.IFS(O61="Не работал по уважительной причине","Не работал по уважительной причине",O61="На учебе","На учебе",O61="На больничном","На больничном",O61="Выходной","Выходной", O61="Не работал по неуважительной причине","Не работал по неуважительной причине"),"")}
A63: 14 | B63: 7D6E-C387-6D53-EB81 | C63: Марданов Газинур | D63: МТЗ-1221 | F63: ремонт среднего ТС | G63: 300 | H63: 3 | I63: 3 | L63: =G63*H63 -> 900
A64: 14
A65: 15 | C65: Гилязутдинов Равис | D65: МТЗ-1221 | F65: =CONCATENATE(F66," \ ",F67," \ ",F68) -> вывоз жижи бочка 5т \ \ | I65: =SUM(I66:I68) -> 10 | J65: ='05.07.2025'!J65+I65 -> 60 | K65: =IF(I65>0,'05.07.2025'!K65+1,'05.07.2025'!K65) -> 6 | L65: =SUM(L66:L68) -> 2940 | M65: ='05.07.2025'!M65+L65 -> 10210 | N65: 1
A66: 15 | B66: A7DC-C920-DF83-2135 | C66: Гилязутдинов Равис | D66: МТЗ-1221 | F66: вывоз жижи бочка 5т | G66: 420 | H66: 7 | I66: 10 | J66: =J65 -> 60 | K66: =K65 -> 6 | L66: =G66*H66 -> 2940 | M66: =M65 -> 10210 | O66: {=IFERROR(_xlfn.IFS(O65="Не работал по уважительной причине","Не работал по уважительной причине",O65="На учебе","На учебе",O65="На больничном","На больничном",O65="Выходной","Выходной", O65="Не работал по неуважительной причине","Не работал по неуважительной причине"),"")}
A67: 15 | L67: =G67*H67 -> 0
A68: 15
A69: 16 | C69: Идрисов Фанис | D69: МТЗ-1221 | F69: =CONCATENATE(F70," \ ",F71," \ ",F72) -> \ \ | I69: =SUM(I70:I72) -> 0 | J69: ='05.07.2025'!J69+I69 -> 0 | K69: =IF(I69>0,'05.07.2025'!K69+1,'05.07.2025'!K69) -> 0 | L69: =SUM(L70:L72) -> 0 | M69: ='05.07.2025'!M69+L69 -> 0 | N69: 0 | O69: На больничном
A70: 16 | B70: 88F9-5D77-620C-6724 | C70: Идрисов Фанис | D70: МТЗ-1221 | J70: =J69 -> 0 | K70: =K69 -> 0 | L70: =G70*H70 -> 0 | M70: =M69 -> 0 | O70: {=IFERROR(_xlfn.IFS(O69="Не работал по уважительной причине","Не работал по уважительной причине",O69="На учебе","На учебе",O69="На больничном","На больничном",O69="Выходной","Выходной", O69="Не работал по неуважительной причине","Не работал по неуважительной причине"),"")} -> На больничном
A71: 16
A72: 16
A73: 17 | C73: Бурганов Ильдус | D73: МТЗ-1221 | F73: =CONCATENATE(F74," \ ",F75," \ ",F76) -> \ \ | I73: =SUM(I74:I76) -> 0 | J73: ='05.07.2025'!J73+I73 -> 24 | K73: =IF(I73>0,'05.07.2025'!K73+1,'05.07.2025'!K73) -> 3 | L73: =SUM(L74:L76) -> 0 | M73: ='05.07.2025'!M73+L73 -> 3600 | N73: 1 | O73: Не работал по уважительной причине
A74: 17 | B74: B9AE-D68F-9D53-65BF | C74: Бурганов Ильдус | D74: МТЗ-1221 | J74: =J73 -> 24 | K74: =K73 -> 3 | L74: =G74*H74 -> 0 | M74: =M73 -> 3600 | O74: {=IFERROR(_xlfn.IFS(O73="Не работал по уважительной причине","Не работал по уважительной причине",O73="На учебе","На учебе",O73="На больничном","На больничном",O73="Выходной","Выходной", O73="Не работал по неуважительной причине","Не работал по неуважительной причине"),"")} -> Не работал по уважительной причине
A75: 17
A76: 17
A77: 18 | C77: Зиннатуллин Ильнар | D77: МТЗ-82/К-742 | F77: =CONCATENATE(F78," \ ",F79," \ ",F80) -> \ \ | I77: =SUM(I78:I80) -> 0 | J77: ='05.07.2025'!J77+I77 -> 0 | K77: =IF(I77>0,'05.07.2025'!K77+1,'05.07.2025'!K77) -> 0 | L77: =SUM(L78:L80) -> 0 | M77: ='05.07.2025'!M77+L77 -> 0 | N77: 0 | O77: Не работал по уважительной причине
A78: 18 | B78: 895A-537E-1E32-5C42 | C78: Зиннатуллин Ильнар | J78: =J77 -> 0 | K78: =K77 -> 0 | L78: =G78*H78 -> 0 | M78: =M77 -> 0 | O78: {=IFERROR(_xlfn.IFS(O77="Не работал по уважительной причине","Не работал по уважительной причине",O77="На учебе","На учебе",O77="На больничном","На больничном",O77="Выходной","Выходной", O77="Не работал по неуважительной причине","Не работал по неуважительной причине"),"")} -> Не работал по уважительной причине
A79: 18
A80: 18
A81: 19 | C81: Гарипов Радиф | D81: МТЗ-82 | F81: =CONCATENATE(F82," \ ",F83," \ ",F84) -> раздача кормов \ \ | I81: =SUM(I82:I84) -> 8 | J81: ='05.07.2025'!J81+I81 -> 47.4 | K81: =IF(I81>0,'05.07.2025'!K81+1,'05.07.2025'!K81) -> 6 | L81: =SUM(L82:L84) -> 3680 | M81: ='05.07.2025'!M81+L81 -> 12742 | N81: 0
A82: 19 | B82: 11F9-D23E-3538-3F4A | C82: Гарипов Радиф | D82: МТЗ-82 | F82: раздача кормов | G82: 460 | H82: 8 | I82: 8 | J82: =J81 -> 47.4 | K82: =K81 -> 6 | L82: =G82*H82 -> 3680 | M82: =M81 -> 12742 | O82: {=IFERROR(_xlfn.IFS(O81="Не работал по уважительной причине","Не работал по уважительной причине",O81="На учебе","На учебе",O81="На больничном","На больничном",O81="Выходной","Выходной", O81="Не работал по неуважительной причине","Не работал по неуважительной причине"),"")}
A83: 19
A84: 19
A85: 20 | C85: Гарипов Ленар | D85: МТЗ-82 КУН | F85: =CONCATENATE(F86," \ ",F87," \ ",F88) -> \ \ | I85: =SUM(I86:I88) -> 0 | J85: ='05.07.2025'!J85+I85 -> 3 | K85: =IF(I85>0,'05.07.2025'!K85+1,'05.07.2025'!K85) -> 1 | L85: =SUM(L86:L88) -> 0 | M85: ='05.07.2025'!M85+L85 -> 900 | N85: 0 | O85: На больничном
A86: 20 | B86: 4B06-16A7-C3EC-BD38 | C86: Гарипов Ленар | D86: МТЗ-82 КУН | J86: =J85 -> 3 | K86: =K85 -> 1 | L86: =G86*H86 -> 0 | M86: =M85 -> 900 | O86: {=IFERROR(_xlfn.IFS(O85="Не работал по уважительной причине","Не работал по уважительной причине",O85="На учебе","На учебе",O85="На больничном","На больничном",O85="Выходной","Выходной", O85="Не работал по неуважительной причине","Не работал по неуважительной причине"),"")} -> На больничном
A87: 20
A88: 20
A89: 21 | C89: Гилязов Фариль | D89: МТЗ-82 | F89: =CONCATENATE(F90," \ ",F91," \ ",F92) -> толкание навоза в комплексе \ \ | I89: =SUM(I90:I92) -> 8 | J89: ='05.07.2025'!J89+I89 -> 48 | K89: =IF(I89>0,'05.07.2025'!K89+1,'05.07.2025'!K89) -> 6 | L89: =SUM(L90:L92) -> 4800 | M89: ='05.07.2025'!M89+L89 -> 16800 | N89: 0
A90: 21 | B90: 817F-F658-F3DC-8743 | C90: Гилязов Фариль | D90: МТЗ-82 | F90: толкание навоза в комплексе | G90: 600 | H90: 8 | I90: 8 | J90: =J89 -> 48 | K90: =K89 -> 6 | L90: =G90*H90 -> 4800 | M90: =M89 -> 16800 | O90: {=IFERROR(_xlfn.IFS(O89="Не работал по уважительной причине","Не работал по уважительной причине",O89="На учебе","На учебе",O89="На больничном","На больничном",O89="Выходной","Выходной", O89="Не работал по неуважительной причине","Не работал по неуважительной причине"),"")}
A91: 21
A92: 21
A93: 22 | C93: Гиззатуллин Ленар | D93: МТЗ-82 | F93: =CONCATENATE(F94," \ ",F95," \ ",F97) -> вывоз жижи бочка 5т \ сбор кормовых отходов \ ремонт среднего ТС | I93: =SUM(I94:I97) -> 9 | J93: ='05.07.2025'!J93+I93 -> 64 | K93: =IF(I93>0,'05.07.2025'!K93+1,'05.07.2025'!K93) -> 6 | L93: =SUM(L94:L97) -> 4080 | M93: ='05.07.2025'!M93+L93 -> 15321 | N93: 0
A94: 22 | B94: CE5E-C0B1-ECF7-7E68 | C94: Гиззатуллин Ленар | D94: МТЗ-82 | F94: вывоз жижи бочка 5т | G94: 420 | H94: 4 | I94: 2 | J94: =J93 -> 64 | K94: =K93 -> 6 | L94: =G94*H94 -> 1680 | M94: =M93 -> 15321 | O94: {=IFERROR(_xlfn.IFS(O93="Не работал по уважительной причине","Не работал по уважительной причине",O93="На учебе","На учебе",O93="На больничном","На больничном",O93="Выходной","Выходной", O93="Не работал по неуважительной причине","Не работал по неуважительной причине"),"")}
A95: 22 | B95: CE5E-C0B1-ECF7-7E68 | C95: Гиззатуллин Ленар | D95: МТЗ-82 | F95: сбор кормовых отходов | G95: 400 | H95: 3 | I95: 3 | L95: =G95*H95 -> 1200
A96: 22 | B96: CE5E-C0B1-ECF7-7E68 | C96: Гиззатуллин Ленар | D96: МТЗ-82 | F96: молоко для телят | G96: 300 | H96: 1 | I96: 1 | L96: =G96*H96 -> 300
A97: 22 | B97: CE5E-C0B1-ECF7-7E68 | C97: Гиззатуллин Ленар | D97: МТЗ-82 | F97: ремонт среднего ТС | G97: 300 | H97: 3 | I97: 3 | L97: =G97*H97 -> 900
A98: 23 | C98: Загидуллин Рустам | D98: КЛААС/БАРС | F98: =CONCATENATE(F99," \ ",F100," \ ",F101) -> ремонт большого ТС \ разовые поручения \ | I98: =SUM(I99:I101) -> 10.3 | J98: ='05.07.2025'!J97+I98 -> 35.6 | K98: =IF(I98>0,'05.07.2025'!K97+1,'05.07.2025'!K97) -> 4 | L98: =SUM(L99:L101) -> 4350 | M98: ='05.07.2025'!M97+L98 -> 11969 | N98: 1
A99: 23 | B99: 34C9-6EBA-DC9E-D139 | C99: Загидуллин Рустам | D99: КЛААС | F99: ремонт большого ТС | G99: 400 | H99: 8 | I99: 8 | J99: =J98 -> 35.6 | K99: =K98 -> 4 | L99: =G99*H99 -> 3200 | M99: =M98 -> 11969 | O99: {=IFERROR(_xlfn.IFS(O98="Не работал по уважительной причине","Не работал по уважительной причине",O98="На учебе","На учебе",O98="На больничном","На больничном",O98="Выходной","Выходной", O98="Не работал по неуважительной причине","Не работал по неуважительной причине"),"")}
A100: 23 | B100: 34C9-6EBA-DC9E-D139 | C100: Загидуллин Рустам | D100: JSB | F100: разовые поручения | G100: 500 | H100: 2.3 | I100: 2.3 | L100: =G100*H100 -> 1150
A101: 23
A102: 24 | C102: Загидуллин Радис | D102: КЛААС/JSB | F102: =CONCATENATE(F103," \ ",F104," \ ",F105) -> ремонт среднего ТС \ \ | I102: =SUM(I103:I105) -> 4 | J102: ='05.07.2025'!J101+I102 -> 28 | K102: =IF(I102>0,'05.07.2025'!K101+1,'05.07.2025'!K101) -> 6 | L102: =SUM(L103:L105) -> 1200 | M102: ='05.07.2025'!M101+L102 -> 5200 | N102: 0
A103: 24 | B103: D665-2E72-64A7-42DA | C103: Загидуллин Радис | D103: КЛААС | F103: ремонт среднего ТС | G103: 300 | H103: 4 | I103: 4 | J103: =J102 -> 28 | K103: =K102 -> 6 | L103: =G103*H103 -> 1200 | M103: =M102 -> 5200 | O103: {=IFERROR(_xlfn.IFS(O102="Не работал по уважительной причине","Не работал по уважительной причине",O102="На учебе","На учебе",O102="На больничном","На больничном",O102="Выходной","Выходной", O102="Не работал по неуважительной причине","Не работал по неуважительной причине"),"")}
...

Sheet 07.07.2025
B2: ООО Шахтер | E2: Памятка по цветам
B3: Дата | C3: 45845 | E3: Столбец/строка с критической для работы информацией | F3: Используется в критичной для работы программы логике, должна быть заполнена корректно
E4: Столбец с информацией для генерации отчета | F4: Используется для генерации отчета (Наличие корректной информации отвечает за полноценность информации отчета и не критично)
E5: Мультиполя | F5: Могут быть корректно обработаны в случае нескольких работ у 1 человека. (Имеет смысл указывать только желтые и оранжевые поля для вторых и последующих вхождений одного и того же ID)
A8: № | B8: ID | C8: ФИО | D8: Вид техники | E8: Комментарии | F8: Вид работы | G8: Расценка | H8: Кол-во рейсов/час/га/рулонов/тонн-км | I8: Отработано, часов | J8: Общее кол-во часов | K8: Общее кол-во дней | L8: Сумма за день | M8: Сумма за месяц | N8: Общее кол-во дней ремонта | O8: Причина отсут.на раб.месте
A9: 1 | C9: Сибгатуллин Ильшат | D9: КАМАЗ | F9: =CONCATENATE(F10," \ ",F11," \ ",F12) -> вывоз навоза без прицепа \ \ | I9: =SUM(I10:I12) -> 9 | J9: ='06.07.2025'!J9+I9 -> 45 | K9: =IF(I9>0,'06.07.2025'!K9+1,'06.07.2025'!K9) -> 6 | L9: =SUM(L10:L12) -> 4147.2 | M9: ='06.07.2025'!M9+L9 -> 24477.2 | N9: 0
A10: 1 | B10: B321-4958-B09E-D1C4 | C10: Сибгатуллин Ильшат | D10: КАМАЗ | F10: вывоз навоза без прицепа | G10: 25.92 | H10: 160 | I10: 9 | J10: =J9 -> 45 | K10: =K9 -> 6 | L10: =G10*H10 -> 4147.2 | M10: =M9 -> 24477.2 | O10: {=IFERROR(_xlfn.IFS(O9="Не работал по уважительной причине","Не работал по уважительной причине",O9="На учебе","На учебе",O9="На больничном","На больничном",O9="Выходной","Выходной", O9="Не работал по неуважительной причине","Не работал по неуважительной причине"),"")}
A11: 1 | L11: =G11*H11 -> 0
A12: 1
A13: 2 | C13: Хакимов Алмаз | D13: КАМАЗ | F13: =CONCATENATE(F14," \ ",F15," \ ",F16) -> Перемещение разных товаров с прицепом \ \ | I13: =SUM(I14:I16) -> 8 | J13: ='06.07.2025'!J13+I13 -> 38 | K13: =IF(I13>0,'06.07.2025'!K13+1,'06.07.2025'!K13) -> 5 | L13: =SUM(L14:L16) -> 8208 | M13: ='06.07.2025'!M13+L13 -> 19098 | N13: 0
A14: 2 | B14: F81C-A5F6-75F0-A039 | C14: Хакимов Алмаз | D14: КАМАЗ | F14: Перемещение разных товаров с прицепом | G14: 2.16 | H14: 3800 | I14: 8 | J14: =J13 -> 38 | K14: =K13 -> 5 | L14: =G14*H14 -> 8208 | M14: =M13 -> 19098 | O14: {=IFERROR(_xlfn.IFS(O13="Не работал по уважительной причине","Не работал по уважительной причине",O13="На учебе","На учебе",O13="На больничном","На больничном",O13="Выходной","Выходной", O13="Не работал по неуважительной причине","Не работал по неуважительной причине"),"")}
A15: 2 | L15: =G15*H15 -> 0
A16: 2
A17: 3 | C17: Шакиров Алмаз | D17: КАМАЗ | F17: =CONCATENATE(F18," \ ",F19," \ ",F20) -> \ \ | I17: =SUM(I18:I20) -> 0 | J17: ='06.07.2025'!J17+I17 -> 28 | K17: =IF(I17>0,'06.07.2025'!K17+1,'06.07.2025'!K17) -> 4 | L17: =SUM(L18:L20) -> 0 | M17: ='06.07.2025'!M17+L17 -> 4200 | N17: 2 | O17: Не работал по уважительной причине
A18: 3 | B18: B132-B3D7-F67D-21D6 | C18: Шакиров Алмаз | D18: КАМАЗ | J18: =J17 -> 28 | K18: =K17 -> 4 | L18: =G18*H18 -> 0 | M18: =M17 -> 4200 | O18: {=IFERROR(_xlfn.IFS(O17="Не работал по уважительной причине","Не работал по уважительной причине",O17="На учебе","На учебе",O17="На больничном","На больничном",O17="Выходной","Выходной", O17="Не работал по неуважительной причине","Не работал по неуважительной причине"),"")} -> Не работал по уважительной причине
A19: 3
A20: 3
A21: 4 | C21: Хакимуллин Алмаз | D21: КАМАЗ | F21: =CONCATENATE(F22," \ ",F23," \ ",F24) -> Перемещение разных товаров с прицепом \ Перемещение разных товаров с прицепом \ | I21: =SUM(I22:I24) -> 10 | J21: ='06.07.2025'!J21+I21 -> 53 | K21: =IF(I21>0,'06.07.2025'!K21+1,'06.07.2025'!K21) -> 7 | L21: =SUM(L22:L24) -> 9504 | M21: ='06.07.2025'!M21+L21 -> 26158.8 | N21: 1
A22: 4 | B22: 1EEC-A4AA-2E5F-816A | C22: Хакимуллин Алмаз | D22: КАМАЗ | F22: Перемещение разных товаров с прицепом | G22: 2.16 | H22: 3800 | I22: 8 | J22: =J21 -> 53 | K22: =K21 -> 7 | L22: =G22*H22 -> 8208 | M22: =M21 -> 26158.8 | O22: {=IFERROR(_xlfn.IFS(O21="Не работал по уважительной причине","Не работал по уважительной причине",O21="На учебе","На учебе",O21="На больничном","На больничном",O21="Выходной","Выходной", O21="Не работал по неуважительной причине","Не работал по неуважительной причине"),"")}
A23: 4 | B23: 1EEC-A4AA-2E5F-816A | C23: Хакимуллин Алмаз | D23: КАМАЗ | F23: Перемещение разных товаров с прицепом | G23: 2.16 | H23: 600 | I23: 2 | L23: =G23*H23 -> 1296
A24: 4
A25: 5 | C25: Гилязов Марат | D25: КАМАЗ | F25: =CONCATENATE(F26," \ ",F27," \ ",F28) -> ремонт большого ТС \ \ | I25: =SUM(I26:I28) -> 8 | J25: ='06.07.2025'!J25+I25 -> 56 | K25: =IF(I25>0,'06.07.2025'!K25+1,'06.07.2025'!K25) -> 7 | L25: =SUM(L26:L28) -> 1600 | M25: ='06.07.2025'!M25+L25 -> 12800 | N25: 0
A26: 5 | B26: 9B87-3AB6-19F1-3F4F | C26: Гилязов Марат | D26: Ягуар | F26: ремонт большого ТС | G26: 200 | H26: 8 | I26: 8 | J26: =J25 -> 56 | K26: =K25 -> 7 | L26: =G26*H26 -> 1600 | M26: =M25 -> 12800 | O26: {=IFERROR(_xlfn.IFS(O25="Не работал по уважительной причине","Не работал по уважительной причине",O25="На учебе","На учебе",O25="На больничном","На больничном",O25="Выходной","Выходной", O25="Не работал по неуважительной причине","Не работал по неуважительной причине"),"")}
A27: 5
A28: 5
A29: 6 | C29: Самигуллин Марат | D29: КАМАЗ | F29: =CONCATENATE(F30," \ ",F31," \ ",F32) -> Перемещение разных товаров с прицепом \ \ | I29: =SUM(I30:I32) -> 8 | J29: ='06.07.2025'!J29+I29 -> 54 | K29: =IF(I29>0,'06.07.2025'!K29+1,'06.07.2025'!K29) -> 7 | L29: =SUM(L30:L32) -> 8208 | M29: ='06.07.2025'!M29+L29 -> 25051.6 | N29: 0
A30: 6 | B30: DB23-B6ED-A237-F7F2 | C30: Самигуллин Марат | D30: КАМАЗ | F30: Перемещение разных товаров с прицепом | G30: 2.16 | H30: 3800 | I30: 8 | J30: =J29 -> 54 | K30: =K29 -> 7 | L30: =G30*H30 -> 8208 | M30: =M29 -> 25051.6 | O30: {=IFERROR(_xlfn.IFS(O29="Не работал по уважительной причине","Не работал по уважительной причине",O29="На учебе","На учебе",O29="На больничном","На больничном",O29="Выходной","Выходной", O29="Не работал по неуважительной причине","Не работал по неуважительной причине"),"")}
A31: 6 | L31: =G31*H31 -> 0
A32: 6 | L32: =G32*H32 -> 0
A33: 7 | C33: Хуснутдинов Рамиль | D33: КАМАЗ | F33: =CONCATENATE(F34," \ ",F35," \ ",F36) -> Перемещение разных товаров с прицепом \ \ | I33: =SUM(I34:I36) -> 8 | J33: ='06.07.2025'!J33+I33 -> 50 | K33: =IF(I33>0,'06.07.2025'!K33+1,'06.07.2025'!K33) -> 7 | L33: =SUM(L34:L36) -> 8208 | M33: ='06.07.2025'!M33+L33 -> 24558.4 | N33: 0
A34: 7 | B34: 826C-55E4-ED1D-8549 | C34: Хуснутдинов Рамиль | D34: КАМАЗ | F34: Перемещение разных товаров с прицепом | G34: 2.16 | H34: 3800 | I34: 8 | J34: =J33 -> 50 | K34: =K33 -> 7 | L34: =G34*H34 -> 8208 | M34: =M33 -> 24558.4 | O34: {=IFERROR(_xlfn.IFS(O33="Не работал по уважительной причине","Не работал по уважительной причине",O33="На учебе","На учебе",O33="На больничном","На больничном",O33="Выходной","Выходной", O33="Не работал по неуважительной причине","Не работал по неуважительной причине"),"")}
A35: 7 | L35: =G35*H35 -> 0
A36: 7
A37: 8 | C37: Сафиуллин Фердинант | D37: К-744 | F37: =CONCATENATE(F38," \ ",F39," \ ",F40) -> \ \ | I37: =SUM(I38:I40) -> 0 | J37: ='06.07.2025'!J37+I37 -> 0 | K37: =IF(I37>0,'06.07.2025'!K37+1,'06.07.2025'!K37) -> 1 | L37: =SUM(L38:L40) -> 0 | M37: ='06.07.2025'!M37+L37 -> 0 | N37: 0 | O37: Не работал по уважительной причине
A38: 8 | B38: A70E-55AE-4C30-61A5 | C38: Сафиуллин Фердинант | D38: К-744 | J38: =J37 -> 0 | K38: =K37 -> 1 | L38: =G38*I38 -> 0 | M38: =M37 -> 0 | O38: {=IFERROR(_xlfn.IFS(O37="Не работал по уважительной причине","Не работал по уважительной причине",O37="На учебе","На учебе",O37="На больничном","На больничном",O37="Выходной","Выходной", O37="Не работал по неуважительной причине","Не работал по неуважительной причине"),"")} -> Не работал по уважительной причине
A39: 8
A40: 8
A41: 9 | C41: Зиннатуллин Ильяр | D41: ГАЗ-53/пожарный | F41: =CONCATENATE(F42," \ ",F43," \ ",F44) -> вахта пожарная \ \ | I41: =SUM(I42:I44) -> 9 | J41: ='06.07.2025'!J41+I41 -> 21.3 | K41: =IF(I41>0,'06.07.2025'!K41+1,'06.07.2025'!K41) -> 4 | L41: =SUM(L42:L44) -> 1944 | M41: ='06.07.2025'!M41+L41 -> 6597.6 | N41: 0
A42: 9 | B42: 84AC-63E7-9D34-A357 | C42: Зиннатуллин Ильяр | D42: ГАЗ-53/пожарный | F42: вахта пожарная | G42: 216 | H42: 9 | I42: 9 | J42: =J41 -> 21.3 | K42: =K41 -> 4 | L42: =G42*I42 -> 1944 | M42: =M41 -> 6597.6 | O42: {=IFERROR(_xlfn.IFS(O41="Не работал по уважительной причине","Не работал по уважительной причине",O41="На учебе","На учебе",O41="На больничном","На больничном",O41="Выходной","Выходной", O41="Не работал по неуважительной причине","Не работал по неуважительной причине"),"")}
A43: 9 | L43: =G43*I43 -> 0
A44: 9
A45: 10 | C45: Гарипов Айрат | D45: МТЗ-1221 | F45: =CONCATENATE(F46," \ ",F47," \ ",F48) -> раздача кормов \ измельчение соломы \ | I45: =SUM(I46:I48) -> 10 | J45: ='06.07.2025'!J45+I45 -> 73 | K45: =IF(I45>0,'06.07.2025'!K45+1,'06.07.2025'!K45) -> 7 | L45: =SUM(L46:L48) -> 2440 | M45: ='06.07.2025'!M45+L45 -> 21320 | N45: 0
A46: 10 | B46: 557B-25FB-94EC-6C71 | C46: Гарипов Айрат | D46: МТЗ-1221 | F46: раздача кормов | G46: 230 | H46: 8 | I46: 8 | J46: =J45 -> 73 | K46: =K45 -> 7 | L46: =G46*H46 -> 1840 | M46: =M45 -> 21320 | O46: {=IFERROR(_xlfn.IFS(O45="Не работал по уважительной причине","Не работал по уважительной причине",O45="На учебе","На учебе",O45="На больничном","На больничном",O45="Выходной","Выходной", O45="Не работал по неуважительной причине","Не работал по неуважительной причине"),"")}
A47: 10 | B47: 557B-25FB-94EC-6C71 | C47: Гарипов Айрат | D47: МТЗ-1221 | F47: измельчение соломы | G47: 300 | H47: 2 | I47: 2 | L47: =G47*H47 -> 600
A48: 10
A49: 11 | C49: Даминов Алмаз | D49: МТЗ-1221 | F49: =CONCATENATE(F50," \ ",F51," \ ",F52) -> раздача кормов \ измельчение соломы \ | I49: =SUM(I50:I52) -> 11 | J49: ='06.07.2025'!J49+I49 -> 76 | K49: =IF(I49>0,'06.07.2025'!K49+1,'06.07.2025'!K49) -> 7 | L49: =SUM(L50:L52) -> 2890 | M49: ='06.07.2025'!M49+L49 -> 21620 | N49: 0
A50: 11 | B50: FDCD-507C-3A15-AE14 | C50: Даминов Алмаз | D50: МТЗ-1221 | F50: раздача кормов | G50: 230 | H50: 8 | I50: 8 | J50: =J49 -> 76 | K50: =K49 -> 7 | L50: =G50*H50 -> 1840 | M50: =M49 -> 21620 | O50: {=IFERROR(_xlfn.IFS(O49="Не работал по уважительной причине","Не работал по уважительной причине",O49="На учебе","На учебе",O49="На больничном","На больничном",O49="Выходной","Выходной", O49="Не работал по неуважительной причине","Не работал по неуважительной причине"),"")}
A51: 11 | B51: FDCD-507C-3A15-AE14 | C51: Даминов Алмаз | D51: МТЗ-1221 | F51: измельчение соломы | G51: 350 | H51: 3 | I51: 3 | L51: =G51*H51 -> 1050
A52: 11 | L52: =G52*H52 -> 0
A53: 12 | C53: Сибгатуллин Ренат | D53: МТЗ-1221 | F53: =CONCATENATE(F54," \ ",F55," \ ",F56) -> Разбрасывание навоза на поле МТУ-18 \ \ | I53: =SUM(I54:I56) -> 9 | J53: ='06.07.2025'!J53+I53 -> 27 | K53: =IF(I53>0,'06.07.2025'!K53+1,'06.07.2025'!K53) -> 3 | L53: =SUM(L54:L56) -> 2178 | M53: ='06.07.2025'!M53+L53 -> 6792 | N53: 0
A54: 12 | B54: 5D9A-F109-F9E7-3E5D | C54: Сибгатуллин Ренат | D54: МТЗ-1221 | F54: Разбрасывание навоза на поле МТУ-18 | G54: 6.6 | H54: 330 | I54: 9 | J54: =J53 -> 27 | K54: =K53 -> 3 | L54: =G54*H54 -> 2178 | M54: =M53 -> 6792 | O54: {=IFERROR(_xlfn.IFS(O53="Не работал по уважительной причине","Не работал по уважительной причине",O53="На учебе","На учебе",O53="На больничном","На больничном",O53="Выходной","Выходной", O53="Не работал по неуважительной причине","Не работал по неуважительной причине"),"")}
A55: 12
A56: 12
A57: 13 | C57: Марданов Ильнур | D57: Ягуар/МТЗ-1221 | F57: =CONCATENATE(F58," \ ",F59," \ ",F60) -> вывоз жижи бочка 10т \ ремонт большого ТС \ | I57: =SUM(I58:I60) -> 10 | J57: ='06.07.2025'!J57+I57 -> 45 | K57: =IF(I57>0,'06.07.2025'!K57+1,'06.07.2025'!K57) -> 5 | L57: =SUM(L58:L60) -> 1980 | M57: ='06.07.2025'!M57+L57 -> 12590 | N57: 0
A58: 13 | B58: DF4D-FC93-8A9F-97B9 | C58: Марданов Ильнур | D58: МТЗ-1221 | F58: вывоз жижи бочка 10т | G58: 230 | H58: 6 | I58: 7 | J58: =J57 -> 45 | K58: =K57 -> 5 | L58: =G58*H58 -> 1380 | M58: =M57 -> 12590 | O58: {=IFERROR(_xlfn.IFS(O57="Не работал по уважительной причине","Не работал по уважительной причине",O57="На учебе","На учебе",O57="На больничном","На больничном",O57="Выходной","Выходной", O57="Не работал по неуважительной причине","Не работал по неуважительной причине"),"")}
A59: 13 | D59: Ягуар | F59: ремонт большого ТС | G59: 200 | H59: 3 | I59: 3 | L59: =G59*H59 -> 600
A60: 13
A61: 14 | C61: Марданов Газинур | D61: МТЗ-1221 | F61: =CONCATENATE(F62," \ ",F63," \ ",F64) -> вывоз жижи бочка 10т \ \ | I61: =SUM(I62:I64) -> 8 | J61: ='06.07.2025'!J61+I61 -> 53 | K61: =IF(I61>0,'06.07.2025'!K61+1,'06.07.2025'!K61) -> 7 | L61: =SUM(L62:L64) -> 1380 | M61: ='06.07.2025'!M61+L61 -> 11470 | N61: 0
A62: 14 | B62: 7D6E-C387-6D53-EB81 | C62: Марданов Газинур | D62: МТЗ-1221 | F62: вывоз жижи бочка 10т | G62: 230 | H62: 6 | I62: 8 | J62: =J61 -> 53 | K62: =K61 -> 7 | L62: =G62*H62 -> 1380 | M62: =M61 -> 11470 | O62: {=IFERROR(_xlfn.IFS(O61="Не работал по уважительной причине","Не работал по уважительной причине",O61="На учебе","На учебе",O61="На больничном","На больничном",O61="Выходной","Выходной", O61="Не работал по неуважительной причине","Не работал по неуважительной причине"),"")}
A63: 14 | L63: =G63*H63 -> 0
A64: 14
A65: 15 | C65: Гилязутдинов Равис | D65: МТЗ-1221 | F65: =CONCATENATE(F66," \ ",F67," \ ",F68) -> вывоз жижи бочка 5т \ \ | I65: =SUM(I66:I68) -> 8 | J65: ='06.07.2025'!J65+I65 -> 68 | K65: =IF(I65>0,'06.07.2025'!K65+1,'06.07.2025'!K65) -> 7 | L65: =SUM(L66:L68) -> 1680 | M65: ='06.07.2025'!M65+L65 -> 11890 | N65: 1
A66: 15 | B66: A7DC-C920-DF83-2135 | C66: Гилязутдинов Равис | D66: МТЗ-1221 | F66: вывоз жижи бочка 5т | G66: 210 | H66: 8 | I66: 8 | J66: =J65 -> 68 | K66: =K65 -> 7 | L66: =G66*H66 -> 1680 | M66: =M65 -> 11890 | O66: {=IFERROR(_xlfn.IFS(O65="Не работал по уважительной причине","Не работал по уважительной причине",O65="На учебе","На учебе",O65="На больничном","На больничном",O65="Выходной","Выходной", O65="Не работал по неуважительной причине","Не работал по неуважительной причине"),"")}
A67: 15 | L67: =G67*H67 -> 0
A68: 15
A69: 16 | C69: Идрисов Фанис | D69: МТЗ-1221 | F69: =CONCATENATE(F70," \ ",F71," \ ",F72) -> \ \ | I69: =SUM(I70:I72) -> 0 | J69: ='06.07.2025'!J69+I69 -> 0 | K69: =IF(I69>0,'06.07.2025'!K69+1,'06.07.2025'!K69) -> 0 | L69: =SUM(L70:L72) -> 0 | M69: ='06.07.2025'!M69+L69 -> 0 | N69: 0 | O69: На больничном
A70: 16 | B70: 88F9-5D77-620C-6724 | C70: Идрисов Фанис | D70: МТЗ-1221 | J70: =J69 -> 0 | K70: =K69 -> 0 | L70: =G70*H70 -> 0 | M70: =M69 -> 0 | O70: {=IFERROR(_xlfn.IFS(O69="Не работал по уважительной причине","Не работал по уважительной причине",O69="На учебе","На учебе",O69="На больничном","На больничном",O69="Выходной","Выходной", O69="Не работал по неуважительной причине","Не работал по неуважительной причине"),"")} -> На больничном
A71: 16
A72: 16
A73: 17 | C73: Бурганов Ильдус | D73: МТЗ-1221 | F73: =CONCATENATE(F74," \ ",F75," \ ",F76) -> \ \ | I73: =SUM(I74:I76) -> 0 | J73: ='06.07.2025'!J73+I73 -> 24 | K73: =IF(I73>0,'06.07.2025'!K73+1,'06.07.2025'!K73) -> 3 | L73: =SUM(L74:L76) -> 0 | M73: ='06.07.2025'!M73+L73 -> 3600 | N73: 1 | O73: Не работал по уважительной причине
A74: 17 | B74: B9AE-D68F-9D53-65BF | C74: Бурганов Ильдус | D74: МТЗ-1221 | J74: =J73 -> 24 | K74: =K73 -> 3 | L74: =G74*H74 -> 0 | M74: =M73 -> 3600 | O74: {=IFERROR(_xlfn.IFS(O73="Не работал по уважительной причине","Не работал по уважительной причине",O73="На учебе","На учебе",O73="На больничном","На больничном",O73="Выходной","Выходной", O73="Не работал по неуважительной причине","Не работал по неуважительной причине"),"")} -> Не работал по уважительной причине
A75: 17
A76: 17
A77: 18 | C77: Зиннатуллин Ильнар | D77: МТЗ-82/К-742 | F77: =CONCATENATE(F78," \ ",F79," \ ",F80) -> \ \ | I77: =SUM(I78:I80) -> 0 | J77: ='06.07.2025'!J77+I77 -> 0 | K77: =IF(I77>0,'06.07.2025'!K77+1,'06.07.2025'!K77) -> 0 | L77: =SUM(L78:L80) -> 0 | M77: ='06.07.2025'!M77+L77 -> 0 | N77: 0 | O77: Не работал по уважительной причине
A78: 18 | B78: 895A-537E-1E32-5C42 | C78: Зиннатуллин Ильнар | J78: =J77 -> 0 | K78: =K77 -> 0 | L78: =G78*H78 -> 0 | M78: =M77 -> 0 | O78: {=IFERROR(_xlfn.IFS(O77="Не работал по уважительной причине","Не работал по уважительной причине",O77="На учебе","На учебе",O77="На больничном","На больничном",O77="Выходной","Выходной", O77="Не работал по неуважительной причине","Не работал по неуважительной причине"),"")} -> Не работал по уважительной причине
A79: 18
A80: 18
A81: 19 | C81: Гарипов Радиф | D81: МТЗ-82 | F81: =CONCATENATE(F82," \ ",F83," \ ",F84) -> раздача кормов \ \ | I81: =SUM(I82:I84) -> 8 | J81: ='06.07.2025'!J81+I81 -> 55.4 | K81: =IF(I81>0,'06.07.2025'!K81+1,'06.07.2025'!K81) -> 7 | L81: =SUM(L82:L84) -> 1840 | M81: ='06.07.2025'!M81+L81 -> 14582 | N81: 0
A82: 19 | B82: 11F9-D23E-3538-3F4A | C82: Гарипов Радиф | D82: МТЗ-82 | F82: раздача кормов | G82: 230 | H82: 8 | I82: 8 | J82: =J81 -> 55.4 | K82: =K81 -> 7 | L82: =G82*H82 -> 1840 | M82: =M81 -> 14582 | O82: {=IFERROR(_xlfn.IFS(O81="Не работал по уважительной причине","Не работал по уважительной причине",O81="На учебе","На учебе",O81="На больничном","На больничном",O81="Выходной","Выходной", O81="Не работал по неуважительной причине","Не работал по неуважительной причине"),"")}
A83: 19
A84: 19
A85: 20 | C85: Гарипов Ленар | D85: МТЗ-82 КУН | F85: =CONCATENATE(F86," \ ",F87," \ ",F88) -> \ \ | I85: =SUM(I86:I88) -> 0 | J85: ='06.07.2025'!J85+I85 -> 3 | K85: =IF(I85>0,'06.07.2025'!K85+1,'06.07.2025'!K85) -> 1 | L85: =SUM(L86:L88) -> 0 | M85: ='06.07.2025'!M85+L85 -> 900 | N85: 0 | O85: На больничном
A86: 20 | B86: 4B06-16A7-C3EC-BD38 | C86: Гарипов Ленар | D86: МТЗ-82 КУН | J86: =J85 -> 3 | K86: =K85 -> 1 | L86: =G86*H86 -> 0 | M86: =M85 -> 900 | O86: {=IFERROR(_xlfn.IFS(O85="Не работал по уважительной причине","Не работал по уважительной причине",O85="На учебе","На учебе",O85="На больничном","На больничном",O85="Выходной","Выходной", O85="Не работал по неуважительной причине","Не работал по неуважительной причине"),"")} -> На больничном
A87: 20
A88: 20
A89: 21 | C89: Гилязов Фариль | D89: МТЗ-82 | F89: =CONCATENATE(F90," \ ",F91," \ ",F92) -> толкание навоза в комплексе \ \ | I89: =SUM(I90:I92) -> 8 | J89: ='06.07.2025'!J89+I89 -> 56 | K89: =IF(I89>0,'06.07.2025'!K89+1,'06.07.2025'!K89) -> 7 | L89: =SUM(L90:L92) -> 2400 | M89: ='06.07.2025'!M89+L89 -> 19200 | N89: 0
A90: 21 | B90: 817F-F658-F3DC-8743 | C90: Гилязов Фариль | D90: МТЗ-82 | F90: толкание навоза в комплексе | G90: 300 | H90: 8 | I90: 8 | J90: =J89 -> 56 | K90: =K89 -> 7 | L90: =G90*H90 -> 2400 | M90: =M89 -> 19200 | O90: {=IFERROR(_xlfn.IFS(O89="Не работал по уважительной причине","Не работал по уважительной причине",O89="На учебе","На учебе",O89="На больничном","На больничном",O89="Выходной","Выходной", O89="Не работал по неуважительной причине","Не работал по неуважительной причине"),"")}
A91: 21
A92: 21
A93: 22 | C93: Гиззатуллин Ленар | D93: МТЗ-82 | F93: =CONCATENATE(F94," \ ",F95," \ ",F97) -> вывоз жижи бочка 5т \ сбор кормовых отходов \ | I93: =SUM(I94:I97) -> 11 | J93: ='06.07.2025'!J93+I93 -> 75 | K93: =IF(I93>0,'06.07.2025'!K93+1,'06.07.2025'!K93) -> 7 | L93: =SUM(L94:L96) -> 1590 | M93: ='06.07.2025'!M93+L93 -> 16911 | N93: 0
A94: 22 | B94: CE5E-C0B1-ECF7-7E68 | C94: Гиззатуллин Ленар | D94: МТЗ-82 | F94: вывоз жижи бочка 5т | G94: 210 | H94: 4 | I94: 6.5 | J94: =J93 -> 75 | K94: =K93 -> 7 | L94: =G94*H94 -> 840 | M94: =M93 -> 16911 | O94: {=IFERROR(_xlfn.IFS(O93="Не работал по уважительной причине","Не работал по уважительной причине",O93="На учебе","На учебе",O93="На больничном","На больничном",O93="Выходной","Выходной", O93="Не работал по неуважительной причине","Не работал по неуважительной причине"),"")}
A95: 22 | B95: CE5E-C0B1-ECF7-7E68 | C95: Гиззатуллин Ленар | D95: МТЗ-82 | F95: сбор кормовых отходов | G95: 150 | H95: 3 | I95: 3 | L95: =G95*H95 -> 450
A96: 22 | B96: CE5E-C0B1-ECF7-7E68 | C96: Гиззатуллин Ленар | D96: МТЗ-82 | F96: молоко для телят | G96: 200 | H96: 1.5 | I96: 1.5 | L96: =G96*H96 -> 300
A97: 22 | L97: =G97*H97 -> 0
A98: 23 | C98: Загидуллин Рустам | D98: КЛААС/БАРС | F98: =CONCATENATE(F99," \ ",F100," \ ",F101) -> ремонт большого ТС \ \ | I98: =SUM(I99:I101) -> 8 | J98: ='06.07.2025'!J98+I98 -> 43.6 | K98: =IF(I98>0,'06.07.2025'!K98+1,'06.07.2025'!K98) -> 5 | L98: =SUM(L99:L101) -> 1600 | M98: ='06.07.2025'!M98+L98 -> 13569 | N98: 1
A99: 23 | B99: 34C9-6EBA-DC9E-D139 | C99: Загидуллин Рустам | D99: КЛААС | F99: ремонт большого ТС | G99: 200 | H99: 8 | I99: 8 | J99: =J98 -> 43.6 | K99: =K98 -> 5 | L99: =G99*H99 -> 1600 | M99: =M98 -> 13569 | O99: {=IFERROR(_xlfn.IFS(O98="Не работал по уважительной причине","Не работал по уважительной причине",O98="На учебе","На учебе",O98="На больничном","На больничном",O98="Выходной","Выходной", O98="Не работал по неуважительной причине","Не работал по неуважительной причине"),"")}
A100: 23 | L100: =G100*H100 -> 0
A101: 23
A102: 24 | C102: Загидуллин Радис | D102: КЛААС/JSB | F102: =CONCATENATE(F103," \ ",F104," \ ",F105) -> ремонт среднего ТС \ Вывоз навоза с телятника \ выгрузка фуры \ тележки | I102: =SUM(I103:I105) -> 12.3 | J102: ='06.07.2025'!J102+I102 -> 40.3 | K102: =IF(I102>0,'06.07.2025'!K102+1,'06.07.2025'!K102) -> 7 | L102: =SUM(L103:L105) -> 3090 | M102: ='06.07.2025'!M102+L102 -> 8290 | N102: 0
A103: 24 | B103: D665-2E72-64A7-42DA | C103: Загидуллин Радис | D103: МТЗ кун | F103: ремонт среднего ТС | G103: 150 | H103: 4 | I103: 4 | J103: =J102 -> 40.3 | K103: =K102 -> 7 | L103: =G103*H103 -> 600 | M103: =M102 -> 8290 | O103: {=IFERROR(_xlfn.IFS(O102="Не работал по уважительной причине","Не работал по уважительной причине",O102="На учебе","На учебе",O102="На больничном","На больничном",O102="Выходной","Выходной", O102="Не работал по неуважительной причине","Не работал по неуважительной причине"),"")}
...

Sheet 08.07.2025
B2: ООО Шахтер | E2: Памятка по цветам
B3: Дата | C3: 45846 | E3: Столбец/строка с критической для работы информацией | F3: Используется в критичной для работы программы логике, должна быть заполнена корректно
E4: Столбец с информацией для генерации отчета | F4: Используется для генерации отчета (Наличие корректной информации отвечает за полноценность информации отчета и не критично)
E5: Мультиполя | F5: Могут быть корректно обработаны в случае нескольких работ у 1 человека. (Имеет смысл указывать только желтые и оранжевые поля для вторых и последующих вхождений одного и того же ID)
A8: № | B8: ID | C8: ФИО | D8: Вид техники | E8: Комментарии | F8: Вид работы | G8: Расценка | H8: Кол-во рейсов/час/га/рулонов/тонн-км | I8: Отработано, часов | J8: Общее кол-во часов | K8: Общее кол-во дней | L8: Сумма за день | M8: Сумма за месяц | N8: Общее кол-во дней ремонта | O8: Причина отсут.на раб.месте
A9: 1 | C9: Сибгатуллин Ильшат | D9: КАМАЗ | F9: =CONCATENATE(F10," \ ",F11," \ ",F12) -> вывоз навоза без прицепа \ Перемещение разных товаров с прицепом \ | I9: =SUM(I10:I12) -> 6 | J9: ='07.07.2025'!J9+I9 -> 51 | K9: =IF(I9>0,'07.07.2025'!K9+1,'07.07.2025'!K9) -> 7 | L9: =SUM(L10:L12) -> 2505.6 | M9: ='07.07.2025'!M9+L9 -> 26982.8 | N9: 0
A10: 1 | B10: B321-4958-B09E-D1C4 | C10: Сибгатуллин Ильшат | D10: КАМАЗ | F10: вывоз навоза без прицепа | G10: 25.92 | H10: 30 | I10: 3 | J10: =J9 -> 51 | K10: =K9 -> 7 | L10: =G10*H10 -> 777.6 | M10: =M9 -> 26982.8 | O10: {=IFERROR(_xlfn.IFS(O9="Не работал по уважительной причине","Не работал по уважительной причине",O9="На учебе","На учебе",O9="На больничном","На больничном",O9="Выходной","Выходной", O9="Не работал по неуважительной причине","Не работал по неуважительной причине"),"")}
A11: 1 | B11: B321-4958-B09E-D1C4 | C11: Сибгатуллин Ильшат | D11: КАМАЗ | F11: Перемещение разных товаров с прицепом | G11: 2.16 | H11: 800 | I11: 3 | L11: =G11*H11 -> 1728
A12: 1
A13: 2 | C13: Хакимов Алмаз | D13: КАМАЗ | F13: =CONCATENATE(F14," \ ",F15," \ ",F16) -> Перемещение разных товаров с прицепом \ вывоз навоза без прицепа \ ремонт среднего ТС | I13: =SUM(I14:I16) -> 10 | J13: ='07.07.2025'!J13+I13 -> 48 | K13: =IF(I13>0,'07.07.2025'!K13+1,'07.07.2025'!K13) -> 6 | L13: =SUM(L14:L16) -> 3583.2 | M13: ='07.07.2025'!M13+L13 -> 22681.2 | N13: 0
A14: 2 | B14: F81C-A5F6-75F0-A039 | C14: Хакимов Алмаз | D14: КАМАЗ | F14: Перемещение разных товаров с прицепом | G14: 2.16 | H14: 800 | I14: 3 | J14: =J13 -> 48 | K14: =K13 -> 6 | L14: =G14*H14 -> 1728 | M14: =M13 -> 22681.2 | O14: {=IFERROR(_xlfn.IFS(O13="Не работал по уважительной причине","Не работал по уважительной причине",O13="На учебе","На учебе",O13="На больничном","На больничном",O13="Выходной","Выходной", O13="Не работал по неуважительной причине","Не работал по неуважительной причине"),"")}
A15: 2 | B15: F81C-A5F6-75F0-A039 | C15: Хакимов Алмаз | D15: КАМАЗ | F15: вывоз навоза без прицепа | G15: 25.92 | H15: 60 | I15: 5 | L15: =G15*H15 -> 1555.2
A16: 2 | B16: F81C-A5F6-75F0-A039 | C16: Хакимов Алмаз | D16: КАМАЗ | F16: ремонт среднего ТС | G16: 150 | H16: 2 | I16: 2 | L16: =G16*H16 -> 300
A17: 3 | C17: Шакиров Алмаз | D17: КАМАЗ | F17: =CONCATENATE(F18," \ ",F19," \ ",F20) -> \ \ | I17: =SUM(I18:I20) -> 0 | J17: ='07.07.2025'!J17+I17 -> 28 | K17: =IF(I17>0,'07.07.2025'!K17+1,'07.07.2025'!K17) -> 4 | L17: =SUM(L18:L20) -> 0 | M17: ='07.07.2025'!M17+L17 -> 4200 | N17: 2 | O17: Не работал по уважительной причине
A18: 3 | B18: B132-B3D7-F67D-21D6 | C18: Шакиров Алмаз | D18: КАМАЗ | J18: =J17 -> 28 | K18: =K17 -> 4 | L18: =G18*H18 -> 0 | M18: =M17 -> 4200 | O18: {=IFERROR(_xlfn.IFS(O17="Не работал по уважительной причине","Не работал по уважительной причине",O17="На учебе","На учебе",O17="На больничном","На больничном",O17="Выходной","Выходной", O17="Не работал по неуважительной причине","Не работал по неуважительной причине"),"")} -> Не работал по уважительной причине
A19: 3
A20: 3
A21: 4 | C21: Хакимуллин Алмаз | D21: КАМАЗ | F21: =CONCATENATE(F22," \ ",F23," \ ",F24) -> Перемещение разных товаров без прицепа \ почасовая работа в зернотоке \ ремонт среднего ТС | I21: =SUM(I22:I24) -> 10 | J21: ='07.07.2025'!J21+I21 -> 63 | K21: =IF(I21>0,'07.07.2025'!K21+1,'07.07.2025'!K21) -> 8 | L21: =SUM(L22:L24) -> 2098 | M21: ='07.07.2025'!M21+L21 -> 28256.8 | N21: 1
A22: 4 | B22: 1EEC-A4AA-2E5F-816A | C22: Хакимуллин Алмаз | D22: КАМАЗ | F22: Перемещение разных товаров без прицепа | G22: 2.16 | H22: 300 | I22: 3 | J22: =J21 -> 63 | K22: =K21 -> 8 | L22: =G22*H22 -> 648 | M22: =M21 -> 28256.8 | O22: {=IFERROR(_xlfn.IFS(O21="Не работал по уважительной причине","Не работал по уважительной причине",O21="На учебе","На учебе",O21="На больничном","На больничном",O21="Выходной","Выходной", O21="Не работал по неуважительной причине","Не работал по неуважительной причине"),"")}
A23: 4 | B23: 1EEC-A4AA-2E5F-816A | C23: Хакимуллин Алмаз | D23: КАМАЗ | F23: почасовая работа в зернотоке | G23: 250 | H23: 4 | I23: 4 | L23: =G23*H23 -> 1000
A24: 4 | B24: 1EEC-A4AA-2E5F-816A | C24: Хакимуллин Алмаз | D24: КАМАЗ | F24: ремонт среднего ТС | G24: 150 | H24: 3 | I24: 3 | L24: =G24*H24 -> 450
A25: 5 | C25: Гилязов Марат | D25: КАМАЗ | F25: =CONCATENATE(F26," \ ",F27," \ ",F28) -> ремонт большого ТС \ Подвоз раствора ядохимикатов Камаз \ | I25: =SUM(I26:I28) -> 9 | J25: ='07.07.2025'!J25+I25 -> 65 | K25: =IF(I25>0,'07.07.2025'!K25+1,'07.07.2025'!K25) -> 8 | L25: =SUM(L26:L28) -> 5695 | M25: ='07.07.2025'!M25+L25 -> 18495 | N25: 0
A26: 5 | B26: 9B87-3AB6-19F1-3F4F | C26: Гилязов Марат | D26: Ягуар | F26: ремонт большого ТС | G26: 200 | H26: 8 | I26: 8 | J26: =J25 -> 65 | K26: =K25 -> 8 | L26: =G26*H26 -> 1600 | M26: =M25 -> 18495 | O26: {=IFERROR(_xlfn.IFS(O25="Не работал по уважительной причине","Не работал по уважительной причине",O25="На учебе","На учебе",O25="На больничном","На больничном",O25="Выходной","Выходной", O25="Не работал по неуважительной причине","Не работал по неуважительной причине"),"")}
A27: 5 | B27: 9B87-3AB6-19F1-3F4F | C27: Гилязов Марат | D27: КАМАЗ | F27: Подвоз раствора ядохимикатов Камаз | G27: 4095 | H27: 1 | I27: 1 | L27: =G27*H27 -> 4095
A28: 5
A29: 6 | C29: Самигуллин Марат | D29: КАМАЗ | F29: =CONCATENATE(F30," \ ",F31," \ ",F32) -> Перемещение разных товаров с прицепом \ \ | I29: =SUM(I30:I32) -> 9 | J29: ='07.07.2025'!J29+I29 -> 63 | K29: =IF(I29>0,'07.07.2025'!K29+1,'07.07.2025'!K29) -> 8 | L29: =SUM(L30:L32) -> 5184 | M29: ='07.07.2025'!M29+L29 -> 30235.6 | N29: 0
A30: 6 | B30: DB23-B6ED-A237-F7F2 | C30: Самигуллин Марат | D30: КАМАЗ | F30: Перемещение разных товаров с прицепом | G30: 2.16 | H30: 2400 | I30: 9 | J30: =J29 -> 63 | K30: =K29 -> 8 | L30: =G30*H30 -> 5184 | M30: =M29 -> 30235.6 | O30: {=IFERROR(_xlfn.IFS(O29="Не работал по уважительной причине","Не работал по уважительной причине",O29="На учебе","На учебе",O29="На больничном","На больничном",O29="Выходной","Выходной", O29="Не работал по неуважительной причине","Не работал по неуважительной причине"),"")}
A31: 6 | L31: =G31*H31 -> 0
A32: 6 | L32: =G32*H32 -> 0
A33: 7 | C33: Хуснутдинов Рамиль | D33: КАМАЗ | F33: =CONCATENATE(F34," \ ",F35," \ ",F36) -> ремонт среднего ТС \ \ | I33: =SUM(I34:I36) -> 8 | J33: ='07.07.2025'!J33+I33 -> 58 | K33: =IF(I33>0,'07.07.2025'!K33+1,'07.07.2025'!K33) -> 8 | L33: =SUM(L34:L36) -> 1200 | M33: ='07.07.2025'!M33+L33 -> 25758.4 | N33: 0
A34: 7 | B34: 826C-55E4-ED1D-8549 | C34: Хуснутдинов Рамиль | D34: КАМАЗ | F34: ремонт среднего ТС | G34: 150 | H34: 8 | I34: 8 | J34: =J33 -> 58 | K34: =K33 -> 8 | L34: =G34*H34 -> 1200 | M34: =M33 -> 25758.4 | O34: {=IFERROR(_xlfn.IFS(O33="Не работал по уважительной причине","Не работал по уважительной причине",O33="На учебе","На учебе",O33="На больничном","На больничном",O33="Выходной","Выходной", O33="Не работал по неуважительной причине","Не работал по неуважительной причине"),"")}
A35: 7 | L35: =G35*H35 -> 0
A36: 7
A37: 8 | C37: Сафиуллин Фердинант | D37: К-744 | F37: =CONCATENATE(F38," \ ",F39," \ ",F40) -> \ \ | I37: =SUM(I38:I40) -> 0 | J37: ='07.07.2025'!J37+I37 -> 0 | K37: =IF(I37>0,'07.07.2025'!K37+1,'07.07.2025'!K37) -> 1 | L37: =SUM(L38:L40) -> 0 | M37: ='07.07.2025'!M37+L37 -> 0 | N37: 0 | O37: Не работал по уважительной причине
A38: 8 | B38: A70E-55AE-4C30-61A5 | C38: Сафиуллин Фердинант | D38: К-744 | J38: =J37 -> 0 | K38: =K37 -> 1 | L38: =G38*I38 -> 0 | M38: =M37 -> 0 | O38: {=IFERROR(_xlfn.IFS(O37="Не работал по уважительной причине","Не работал по уважительной причине",O37="На учебе","На учебе",O37="На больничном","На больничном",O37="Выходной","Выходной", O37="Не работал по неуважительной причине","Не работал по неуважительной причине"),"")} -> Не работал по уважительной причине
A39: 8
A40: 8
A41: 9 | C41: Зиннатуллин Ильяр | D41: ГАЗ-53/пожарный | F41: =CONCATENATE(F42," \ ",F43," \ ",F44) -> вахта пожарная \ \ | I41: =SUM(I42:I44) -> 8 | J41: ='07.07.2025'!J41+I41 -> 29.3 | K41: =IF(I41>0,'07.07.2025'!K41+1,'07.07.2025'!K41) -> 5 | L41: =SUM(L42:L44) -> 1728 | M41: ='07.07.2025'!M41+L41 -> 8325.6 | N41: 0
A42: 9 | B42: 84AC-63E7-9D34-A357 | C42: Зиннатуллин Ильяр | D42: ГАЗ-53/пожарный | F42: вахта пожарная | G42: 216 | H42: 8 | I42: 8 | J42: =J41 -> 29.3 | K42: =K41 -> 5 | L42: =G42*I42 -> 1728 | M42: =M41 -> 8325.6 | O42: {=IFERROR(_xlfn.IFS(O41="Не работал по уважительной причине","Не работал по уважительной причине",O41="На учебе","На учебе",O41="На больничном","На больничном",O41="Выходной","Выходной", O41="Не работал по неуважительной причине","Не работал по неуважительной причине"),"")}
A43: 9 | L43: =G43*I43 -> 0
A44: 9
A45: 10 | C45: Гарипов Айрат | D45: МТЗ-1221 | F45: =CONCATENATE(F46," \ ",F47," \ ",F48) -> раздача кормов \ перемещение силоса \ | I45: =SUM(I46:I48) -> 11 | J45: ='07.07.2025'!J45+I45 -> 84 | K45: =IF(I45>0,'07.07.2025'!K45+1,'07.07.2025'!K45) -> 8 | L45: =SUM(L46:L48) -> 2890 | M45: ='07.07.2025'!M45+L45 -> 24210 | N45: 0
A46: 10 | B46: 557B-25FB-94EC-6C71 | C46: Гарипов Айрат | D46: МТЗ-1221 | F46: раздача кормов | G46: 230 | H46: 8 | I46: 8 | J46: =J45 -> 84 | K46: =K45 -> 8 | L46: =G46*H46 -> 1840 | M46: =M45 -> 24210 | O46: {=IFERROR(_xlfn.IFS(O45="Не работал по уважительной причине","Не работал по уважительной причине",O45="На учебе","На учебе",O45="На больничном","На больничном",O45="Выходной","Выходной", O45="Не работал по неуважительной причине","Не работал по неуважительной причине"),"")}
A47: 10 | B47: 557B-25FB-94EC-6C71 | C47: Гарипов Айрат | D47: МТЗ-1221 | F47: перемещение силоса | G47: 350 | H47: 3 | I47: 3 | L47: =G47*H47 -> 1050
A48: 10
A49: 11 | C49: Даминов Алмаз | D49: МТЗ-1221 | F49: =CONCATENATE(F50," \ ",F51," \ ",F52) -> раздача кормов \ измельчение соломы \ | I49: =SUM(I50:I52) -> 10 | J49: ='07.07.2025'!J49+I49 -> 86 | K49: =IF(I49>0,'07.07.2025'!K49+1,'07.07.2025'!K49) -> 8 | L49: =SUM(L50:L52) -> 2440 | M49: ='07.07.2025'!M49+L49 -> 24060 | N49: 0
A50: 11 | B50: FDCD-507C-3A15-AE14 | C50: Даминов Алмаз | D50: МТЗ-1221 | F50: раздача кормов | G50: 230 | H50: 8 | I50: 8 | J50: =J49 -> 86 | K50: =K49 -> 8 | L50: =G50*H50 -> 1840 | M50: =M49 -> 24060 | O50: {=IFERROR(_xlfn.IFS(O49="Не работал по уважительной причине","Не работал по уважительной причине",O49="На учебе","На учебе",O49="На больничном","На больничном",O49="Выходной","Выходной", O49="Не работал по неуважительной причине","Не работал по неуважительной причине"),"")}
A51: 11 | B51: FDCD-507C-3A15-AE14 | C51: Даминов Алмаз | D51: МТЗ-1221 | F51: измельчение соломы | G51: 300 | H51: 2 | I51: 2 | L51: =G51*H51 -> 600
A52: 11 | L52: =G52*H52 -> 0
A53: 12 | C53: Сибгатуллин Ренат | D53: МТЗ-1221 | F53: =CONCATENATE(F54," \ ",F55," \ ",F56) -> Разбрасывание навоза на поле МТУ-18 \ ремонт среднего ТС \ | I53: =SUM(I54:I56) -> 6 | J53: ='07.07.2025'!J53+I53 -> 33 | K53: =IF(I53>0,'07.07.2025'!K53+1,'07.07.2025'!K53) -> 4 | L53: =SUM(L54:L56) -> 2316 | M53: ='07.07.2025'!M53+L53 -> 9108 | N53: 0
A54: 12 | B54: 5D9A-F109-F9E7-3E5D | C54: Сибгатуллин Ренат | D54: МТЗ-1221 | F54: Разбрасывание навоза на поле МТУ-18 | G54: 6.6 | H54: 260 | I54: 2 | J54: =J53 -> 33 | K54: =K53 -> 4 | L54: =G54*H54 -> 1716 | M54: =M53 -> 9108 | O54: {=IFERROR(_xlfn.IFS(O53="Не работал по уважительной причине","Не работал по уважительной причине",O53="На учебе","На учебе",O53="На больничном","На больничном",O53="Выходной","Выходной", O53="Не работал по неуважительной причине","Не работал по неуважительной причине"),"")}
A55: 12 | B55: 5D9A-F109-F9E7-3E5D | C55: Сибгатуллин Ренат | D55: МТЗ-1221 | F55: ремонт среднего ТС | G55: 150 | H55: 4 | I55: 4 | L55: =G55*H55 -> 600
A56: 12
A57: 13 | C57: Марданов Ильнур | D57: Ягуар/МТЗ-1221 | F57: =CONCATENATE(F58," \ ",F59," \ ",F60) -> вывоз жижи бочка 10т \ ремонт большого ТС \ | I57: =SUM(I58:I60) -> 4.3 | J57: ='07.07.2025'!J57+I57 -> 49.3 | K57: =IF(I57>0,'07.07.2025'!K57+1,'07.07.2025'!K57) -> 6 | L57: =SUM(L58:L60) -> 2010 | M57: ='07.07.2025'!M57+L57 -> 14600 | N57: 0
A58: 13 | B58: DF4D-FC93-8A9F-97B9 | C58: Марданов Ильнур | D58: МТЗ-1221 | F58: вывоз жижи бочка 10т | G58: 230 | H58: 7 | I58: 2.3 | J58: =J57 -> 49.3 | K58: =K57 -> 6 | L58: =G58*H58 -> 1610 | M58: =M57 -> 14600 | O58: {=IFERROR(_xlfn.IFS(O57="Не работал по уважительной причине","Не работал по уважительной причине",O57="На учебе","На учебе",O57="На больничном","На больничном",O57="Выходной","Выходной", O57="Не работал по неуважительной причине","Не работал по неуважительной причине"),"")}
A59: 13 | B59: DF4D-FC93-8A9F-97B9 | C59: Марданов Ильнур | D59: Ягуар | F59: ремонт большого ТС | G59: 200 | H59: 2 | I59: 2 | L59: =G59*H59 -> 400
A60: 13
A61: 14 | C61: Марданов Газинур | D61: МТЗ-1221 | F61: =CONCATENATE(F62," \ ",F63," \ ",F64) -> вывоз жижи бочка 10т \ \ | I61: =SUM(I62:I64) -> 8 | J61: ='07.07.2025'!J61+I61 -> 61 | K61: =IF(I61>0,'07.07.2025'!K61+1,'07.07.2025'!K61) -> 8 | L61: =SUM(L62:L64) -> 1380 | M61: ='07.07.2025'!M61+L61 -> 12850 | N61: 0
A62: 14 | B62: 7D6E-C387-6D53-EB81 | C62: Марданов Газинур | D62: МТЗ-1221 | F62: вывоз жижи бочка 10т | G62: 230 | H62: 6 | I62: 8 | J62: =J61 -> 61 | K62: =K61 -> 8 | L62: =G62*H62 -> 1380 | M62: =M61 -> 12850 | O62: {=IFERROR(_xlfn.IFS(O61="Не работал по уважительной причине","Не работал по уважительной причине",O61="На учебе","На учебе",O61="На больничном","На больничном",O61="Выходной","Выходной", O61="Не работал по неуважительной причине","Не работал по неуважительной причине"),"")}
A63: 14 | L63: =G63*H63 -> 0
A64: 14
A65: 15 | C65: Гилязутдинов Равис | D65: МТЗ-1221 | F65: =CONCATENATE(F66," \ ",F67," \ ",F68) -> вывоз жижи бочка 5т \ разовые поручения \ ремонт большого ТС | I65: =SUM(I66:I68) -> 10 | J65: ='07.07.2025'!J65+I65 -> 78 | K65: =IF(I65>0,'07.07.2025'!K65+1,'07.07.2025'!K65) -> 8 | L65: =SUM(L66:L68) -> 2860 | M65: ='07.07.2025'!M65+L65 -> 14750 | N65: 1
A66: 15 | B66: A7DC-C920-DF83-2135 | C66: Гилязутдинов Равис | D66: МТЗ-1221 | F66: вывоз жижи бочка 5т | G66: 210 | H66: 6 | I66: 2 | J66: =J65 -> 78 | K66: =K65 -> 8 | L66: =G66*H66 -> 1260 | M66: =M65 -> 14750 | O66: {=IFERROR(_xlfn.IFS(O65="Не работал по уважительной причине","Не работал по уважительной причине",O65="На учебе","На учебе",O65="На больничном","На больничном",O65="Выходной","Выходной", O65="Не работал по неуважительной причине","Не работал по неуважительной причине"),"")}
A67: 15 | B67: A7DC-C920-DF83-2135 | C67: Гилязутдинов Равис | D67: МТЗ-1221 | F67: разовые поручения | G67: 200 | H67: 4 | I67: 4 | L67: =G67*H67 -> 800
A68: 15 | B68: A7DC-C920-DF83-2135 | C68: Гилязутдинов Равис | D68: МТЗ-1221 | F68: ремонт большого ТС | G68: 200 | H68: 4 | I68: 4 | L68: =G68*H68 -> 800
A69: 16 | C69: Идрисов Фанис | D69: МТЗ-1221 | F69: =CONCATENATE(F70," \ ",F71," \ ",F72) -> \ \ | I69: =SUM(I70:I72) -> 0 | J69: ='07.07.2025'!J69+I69 -> 0 | K69: =IF(I69>0,'07.07.2025'!K69+1,'07.07.2025'!K69) -> 0 | L69: =SUM(L70:L72) -> 0 | M69: ='07.07.2025'!M69+L69 -> 0 | N69: 0 | O69: На больничном
A70: 16 | B70: 88F9-5D77-620C-6724 | C70: Идрисов Фанис | D70: МТЗ-1221 | J70: =J69 -> 0 | K70: =K69 -> 0 | L70: =G70*H70 -> 0 | M70: =M69 -> 0 | O70: {=IFERROR(_xlfn.IFS(O69="Не работал по уважительной причине","Не работал по уважительной причине",O69="На учебе","На учебе",O69="На больничном","На больничном",O69="Выходной","Выходной", O69="Не работал по неуважительной причине","Не работал по неуважительной причине"),"")} -> На больничном
A71: 16
A72: 16
A73: 17 | C73: Бурганов Ильдус | D73: МТЗ-1221 | F73: =CONCATENATE(F74," \ ",F75," \ ",F76) -> \ \ | I73: =SUM(I74:I76) -> 0 | J73: ='07.07.2025'!J73+I73 -> 24 | K73: =IF(I73>0,'07.07.2025'!K73+1,'07.07.2025'!K73) -> 3 | L73: =SUM(L74:L76) -> 0 | M73: ='07.07.2025'!M73+L73 -> 3600 | N73: 1 | O73: Не работал по уважительной причине
A74: 17 | B74: B9AE-D68F-9D53-65BF | C74: Бурганов Ильдус | D74: МТЗ-1221 | J74: =J73 -> 24 | K74: =K73 -> 3 | L74: =G74*H74 -> 0 | M74: =M73 -> 3600 | O74: {=IFERROR(_xlfn.IFS(O73="Не работал по уважительной причине","Не работал по уважительной причине",O73="На учебе","На учебе",O73="На больничном","На больничном",O73="Выходной","Выходной", O73="Не работал по неуважительной причине","Не работал по неуважительной причине"),"")} -> Не работал по уважительной причине
A75: 17
A76: 17
A77: 18 | C77: Зиннатуллин Ильнар | D77: МТЗ-82/К-742 | F77: =CONCATENATE(F78," \ ",F79," \ ",F80) -> \ \ | I77: =SUM(I78:I80) -> 0 | J77: ='07.07.2025'!J77+I77 -> 0 | K77: =IF(I77>0,'07.07.2025'!K77+1,'07.07.2025'!K77) -> 0 | L77: =SUM(L78:L80) -> 0 | M77: ='07.07.2025'!M77+L77 -> 0 | N77: 0 | O77: Не работал по уважительной причине
A78: 18 | B78: 895A-537E-1E32-5C42 | C78: Зиннатуллин Ильнар | J78: =J77 -> 0 | K78: =K77 -> 0 | L78: =G78*H78 -> 0 | M78: =M77 -> 0 | O78: {=IFERROR(_xlfn.IFS(O77="Не работал по уважительной причине","Не работал по уважительной причине",O77="На учебе","На учебе",O77="На больничном","На больничном",O77="Выходной","Выходной", O77="Не работал по неуважительной причине","Не работал по неуважительной причине"),"")} -> Не работал по уважительной причине
A79: 18
A80: 18
A81: 19 | C81: Гарипов Радиф | D81: МТЗ-82 | F81: =CONCATENATE(F82," \ ",F83," \ ",F84) -> раздача кормов \ \ | I81: =SUM(I82:I84) -> 8 | J81: ='07.07.2025'!J81+I81 -> 63.4 | K81: =IF(I81>0,'07.07.2025'!K81+1,'07.07.2025'!K81) -> 8 | L81: =SUM(L82:L84) -> 1840 | M81: ='07.07.2025'!M81+L81 -> 16422 | N81: 0
A82: 19 | B82: 11F9-D23E-3538-3F4A | C82: Гарипов Радиф | D82: МТЗ-82 | F82: раздача кормов | G82: 230 | H82: 8 | I82: 8 | J82: =J81 -> 63.4 | K82: =K81 -> 8 | L82: =G82*H82 -> 1840 | M82: =M81 -> 16422 | O82: {=IFERROR(_xlfn.IFS(O81="Не работал по уважительной причине","Не работал по уважительной причине",O81="На учебе","На учебе",O81="На больничном","На больничном",O81="Выходной","Выходной", O81="Не работал по неуважительной причине","Не работал по неуважительной причине"),"")}
A83: 19
A84: 19
A85: 20 | C85: Гарипов Ленар | D85: МТЗ-82 КУН | F85: =CONCATENATE(F86," \ ",F87," \ ",F88) -> \ \ | I85: =SUM(I86:I88) -> 0 | J85: ='07.07.2025'!J85+I85 -> 3 | K85: =IF(I85>0,'07.07.2025'!K85+1,'07.07.2025'!K85) -> 1 | L85: =SUM(L86:L88) -> 0 | M85: ='07.07.2025'!M85+L85 -> 900 | N85: 0 | O85: На больничном
A86: 20 | B86: 4B06-16A7-C3EC-BD38 | C86: Гарипов Ленар | D86: МТЗ-82 КУН | J86: =J85 -> 3 | K86: =K85 -> 1 | L86: =G86*H86 -> 0 | M86: =M85 -> 900 | O86: {=IFERROR(_xlfn.IFS(O85="Не работал по уважительной причине","Не работал по уважительной причине",O85="На учебе","На учебе",O85="На больничном","На больничном",O85="Выходной","Выходной", O85="Не работал по неуважительной причине","Не работал по неуважительной причине"),"")} -> На больничном
A87: 20
A88: 20
A89: 21 | C89: Гилязов Фариль | D89: МТЗ-82 | F89: =CONCATENATE(F90," \ ",F91," \ ",F92) -> толкание навоза в комплексе \ \ | I89: =SUM(I90:I92) -> 8 | J89: ='07.07.2025'!J89+I89 -> 64 | K89: =IF(I89>0,'07.07.2025'!K89+1,'07.07.2025'!K89) -> 8 | L89: =SUM(L90:L92) -> 2400 | M89: ='07.07.2025'!M89+L89 -> 21600 | N89: 0
A90: 21 | B90: 817F-F658-F3DC-8743 | C90: Гилязов Фариль | D90: МТЗ-82 | F90: толкание навоза в комплексе | G90: 300 | H90: 8 | I90: 8 | J90: =J89 -> 64 | K90: =K89 -> 8 | L90: =G90*H90 -> 2400 | M90: =M89 -> 21600 | O90: {=IFERROR(_xlfn.IFS(O89="Не работал по уважительной причине","Не работал по уважительной причине",O89="На учебе","На учебе",O89="На больничном","На больничном",O89="Выходной","Выходной", O89="Не работал по неуважительной причине","Не работал по неуважительной причине"),"")}
A91: 21
A92: 21
A93: 22 | C93: Гиззатуллин Ленар | D93: МТЗ-82 | F93: =CONCATENATE(F94," \ ",F95," \ ",F97) -> вывоз жижи бочка 5т \ сбор кормовых отходов \ ремонт среднего ТС | I93: =SUM(I94:I97) -> 11 | J93: ='07.07.2025'!J93+I93 -> 86 | K93: =IF(I93>0,'07.07.2025'!K93+1,'07.07.2025'!K93) -> 8 | L93: =SUM(L94:L97) -> 1710 | M93: ='07.07.2025'!M93+L93 -> 18621 | N93: 0
A94: 22 | B94: CE5E-C0B1-ECF7-7E68 | C94: Гиззатуллин Ленар | D94: МТЗ-82 | F94: вывоз жижи бочка 5т | G94: 210 | H94: 1 | I94: 1.5 | J94: =J93 -> 86 | K94: =K93 -> 8 | L94: =G94*H94 -> 210 | M94: =M93 -> 18621 | O94: {=IFERROR(_xlfn.IFS(O93="Не работал по уважительной причине","Не работал по уважительной причине",O93="На учебе","На учебе",O93="На больничном","На больничном",O93="Выходной","Выходной", O93="Не работал по неуважительной причине","Не работал по неуважительной причине"),"")}
A95: 22 | B95: CE5E-C0B1-ECF7-7E68 | C95: Гиззатуллин Ленар | D95: МТЗ-82 | F95: сбор кормовых отходов | G95: 150 | H95: 3 | I95: 3 | L95: =G95*H95 -> 450
A96: 22 | B96: CE5E-C0B1-ECF7-7E68 | C96: Гиззатуллин Ленар | D96: МТЗ-82 | F96: молоко для телят | G96: 200 | H96: 1.5 | I96: 1.5 | L96: =G96*H96 -> 300
A97: 22 | B97: CE5E-C0B1-ECF7-7E68 | C97: Гиззатуллин Ленар | D97: МТЗ-82 | F97: ремонт среднего ТС | G97: 150 | H97: 5 | I97: 5 | L97: =G97*H97 -> 750
A98: 23 | C98: Загидуллин Рустам | D98: КЛААС/БАРС | F98: =CONCATENATE(F99," \ ",F100," \ ",F101) -> Опрыскивание посевов \ почасовая работа в зернотоке \ | I98: =SUM(I99:I101) -> 10 | J98: ='07.07.2025'!J98+I98 -> 53.6 | K98: =IF(I98>0,'07.07.2025'!K98+1,'07.07.2025'!K98) -> 6 | L98: =SUM(L99:L101) -> 7175 | M98: ='07.07.2025'!M98+L98 -> 20744 | N98: 1
A99: 23 | B99: 34C9-6EBA-DC9E-D139 | C99: Загидуллин Рустам | D99: БАРС | F99: Опрыскивание посевов | G99: 65 | H99: 90 | I99: 4.7 | J99: =J98 -> 53.6 | K99: =K98 -> 6 | L99: =G99*H99 -> 5850 | M99: =M98 -> 20744 | O99: {=IFERROR(_xlfn.IFS(O98="Не работал по уважительной причине","Не работал по уважительной причине",O98="На учебе","На учебе",O98="На больничном","На больничном",O98="Выходной","Выходной", O98="Не работал по неуважительной причине","Не работал по неуважительной причине"),"")}
A100: 23 | B100: 34C9-6EBA-DC9E-D139 | C100: Загидуллин Рустам | D100: JSB | F100: почасовая работа в зернотоке | G100: 250 | H100: 5.3 | I100: 5.3 | L100: =G100*H100 -> 1325
A101: 23
A102: 24 | C102: Загидуллин Радис | D102: КЛААС/JSB | F102: =CONCATENATE(F103," \ ",F104," \ ",F105) -> ремонт среднего ТС \ \ | I102: =SUM(I103:I105) -> 4 | J102: ='07.07.2025'!J102+I102 -> 44.3 | K102: =IF(I102>0,'07.07.2025'!K102+1,'07.07.2025'!K102) -> 8 | L102: =SUM(L103:L105) -> 1200 | M102: ='07.07.2025'!M102+L102 -> 9490 | N102: 0
A103: 24 | B103: D665-2E72-64A7-42DA | C103: Загидуллин Радис | D103: ЧКЗ | F103: ремонт среднего ТС | G103: 150 | H103: 8 | I103: 4 | J103: =J102 -> 44.3 | K103: =K102 -> 8 | L103: =G103*H103 -> 1200 | M103: =M102 -> 9490 | O103: {=IFERROR(_xlfn.IFS(O102="Не работал по уважительной причине","Не работал по уважительной причине",O102="На учебе","На учебе",O102="На больничном","На больничном",O102="Выходной","Выходной", O102="Не работал по неуважительной причине","Не работал по неуважительной причине"),"")}
...

Sheet 09.07.2025
B2: ООО Шахтер | E2: Памятка по цветам
B3: Дата | C3: 45847 | E3: Столбец/строка с критической для работы информацией | F3: Используется в критичной для работы программы логике, должна быть заполнена корректно
E4: Столбец с информацией для генерации отчета | F4: Используется для генерации отчета (Наличие корректной информации отвечает за полноценность информации отчета и не критично)
E5: Мультиполя | F5: Могут быть корректно обработаны в случае нескольких работ у 1 человека. (Имеет смысл указывать только желтые и оранжевые поля для вторых и последующих вхождений одного и того же ID)
A8: № | B8: ID | C8: ФИО | D8: Вид техники | E8: Комментарии | F8: Вид работы | G8: Расценка | H8: Кол-во рейсов/час/га/рулонов/тонн-км | I8: Отработано, часов | J8: Общее кол-во часов | K8: Общее кол-во дней | L8: Сумма за день | M8: Сумма за месяц | N8: Общее кол-во дней ремонта | O8: Причина отсут.на раб.месте
A9: 1 | C9: Сибгатуллин Ильшат | D9: КАМАЗ | F9: =CONCATENATE(F10," \ ",F11," \ ",F12) -> Перевозка сенажа \ \ | I9: =SUM(I10:I12) -> 11 | J9: ='08.07.2025'!J9+I9 -> 62 | K9: =IF(I9>0,'08.07.2025'!K9+1,'08.07.2025'!K9) -> 8 | L9: =SUM(L10:L12) -> 4328.61 | M9: ='08.07.2025'!M9+L9 -> 31311.41 | N9: 0
A10: 1 | B10: B321-4958-B09E-D1C4 | C10: Сибгатуллин Ильшат | D10: КАМАЗ | F10: Перевозка сенажа | G10: 42.9 | H10: 100.9 | I10: 11 | J10: =J9 -> 62 | K10: =K9 -> 8 | L10: =G10*H10 -> 4328.61 | M10: =M9 -> 31311.41 | O10: {=IFERROR(_xlfn.IFS(O9="Не работал по уважительной причине","Не работал по уважительной причине",O9="На учебе","На учебе",O9="На больничном","На больничном",O9="Выходной","Выходной", O9="Не работал по неуважительной причине","Не работал по неуважительной причине"),"")}
A11: 1 | L11: =G11*H11 -> 0
A12: 1
A13: 2 | C13: Хакимов Алмаз | D13: КАМАЗ | F13: =CONCATENATE(F14," \ ",F15," \ ",F16) -> Перемещение различных товаров из В.Серда или ООО Тукаевский \ Перевозка сенажа \ | I13: =SUM(I14:I16) -> 11 | J13: ='08.07.2025'!J13+I13 -> 59 | K13: =IF(I13>0,'08.07.2025'!K13+1,'08.07.2025'!K13) -> 7 | L13: =SUM(L14:L16) -> 5638.62 | M13: ='08.07.2025'!M13+L13 -> 28319.82 | N13: 0
A14: 2 | B14: F81C-A5F6-75F0-A039 | C14: Хакимов Алмаз | D14: КАМАЗ | F14: Перемещение различных товаров из В.Серда или ООО Тукаевский | G14: 3.2 | H14: =24.7*15 -> 370.5 | I14: 3 | J14: =J13 -> 59 | K14: =K13 -> 7 | L14: =G14*H14 -> 1185.6 | M14: =M13 -> 28319.82 | O14: {=IFERROR(_xlfn.IFS(O13="Не работал по уважительной причине","Не работал по уважительной причине",O13="На учебе","На учебе",O13="На больничном","На больничном",O13="Выходной","Выходной", O13="Не работал по неуважительной причине","Не работал по неуважительной причине"),"")}
A15: 2 | B15: F81C-A5F6-75F0-A039 | C15: Хакимов Алмаз | D15: КАМАЗ | F15: Перевозка сенажа | G15: 42.9 | H15: 103.8 | I15: 8 | L15: =G15*H15 -> 4453.02
A16: 2 | L16: =G16*H16 -> 0
A17: 3 | C17: Шакиров Алмаз | D17: КАМАЗ | F17: =CONCATENATE(F18," \ ",F19," \ ",F20) -> \ \ | I17: =SUM(I18:I20) -> 0 | J17: ='08.07.2025'!J17+I17 -> 28 | K17: =IF(I17>0,'08.07.2025'!K17+1,'08.07.2025'!K17) -> 4 | L17: =SUM(L18:L20) -> 0 | M17: ='08.07.2025'!M17+L17 -> 4200 | N17: 2 | O17: Не работал по уважительной причине
A18: 3 | B18: B132-B3D7-F67D-21D6 | C18: Шакиров Алмаз | D18: КАМАЗ | J18: =J17 -> 28 | K18: =K17 -> 4 | L18: =G18*H18 -> 0 | M18: =M17 -> 4200 | O18: {=IFERROR(_xlfn.IFS(O17="Не работал по уважительной причине","Не работал по уважительной причине",O17="На учебе","На учебе",O17="На больничном","На больничном",O17="Выходной","Выходной", O17="Не работал по неуважительной причине","Не работал по неуважительной причине"),"")} -> Не работал по уважительной причине
A19: 3
A20: 3
A21: 4 | C21: Хакимуллин Алмаз | D21: КАМАЗ | F21: =CONCATENATE(F22," \ ",F23," \ ",F24) -> Перемещение различных товаров из В.Серда или ООО Тукаевский \ Перевозка сенажа \ | I21: =SUM(I22:I24) -> 14 | J21: ='08.07.2025'!J21+I21 -> 77 | K21: =IF(I21>0,'08.07.2025'!K21+1,'08.07.2025'!K21) -> 9 | L21: =SUM(L22:L24) -> 8413.14 | M21: ='08.07.2025'!M21+L21 -> 36669.94 | N21: 1
A22: 4 | B22: 1EEC-A4AA-2E5F-816A | C22: Хакимуллин Алмаз | D22: КАМАЗ | F22: Перемещение различных товаров из В.Серда или ООО Тукаевский | G22: 3.2 | H22: =37.1*15 -> 556.5 | I22: 3 | J22: =J21 -> 77 | K22: =K21 -> 9 | L22: =G22*H22 -> 1780.8 | M22: =M21 -> 36669.94 | O22: {=IFERROR(_xlfn.IFS(O21="Не работал по уважительной причине","Не работал по уважительной причине",O21="На учебе","На учебе",O21="На больничном","На больничном",O21="Выходной","Выходной", O21="Не работал по неуважительной причине","Не работал по неуважительной причине"),"")}
A23: 4 | B23: 1EEC-A4AA-2E5F-816A | C23: Хакимуллин Алмаз | D23: КАМАЗ | F23: Перевозка сенажа | G23: 42.9 | H23: 154.6 | I23: 11 | L23: =G23*H23 -> 6632.34
A24: 4 | L24: =G24*H24 -> 0
A25: 5 | C25: Гилязов Марат | D25: КАМАЗ | F25: =CONCATENATE(F26," \ ",F27," \ ",F28) -> ремонт большого ТС \ Подвоз раствора ядохимикатов Камаз \ | I25: =SUM(I26:I28) -> 11 | J25: ='08.07.2025'!J25+I25 -> 76 | K25: =IF(I25>0,'08.07.2025'!K25+1,'08.07.2025'!K25) -> 9 | L25: =SUM(L26:L28) -> 9926.5 | M25: ='08.07.2025'!M25+L25 -> 28421.5 | N25: 0
A26: 5 | B26: 9B87-3AB6-19F1-3F4F | C26: Гилязов Марат | D26: Ягуар | F26: ремонт большого ТС | G26: 200 | H26: 8 | I26: 8 | J26: =J25 -> 76 | K26: =K25 -> 9 | L26: =G26*H26 -> 1600 | M26: =M25 -> 28421.5 | O26: {=IFERROR(_xlfn.IFS(O25="Не работал по уважительной причине","Не работал по уважительной причине",O25="На учебе","На учебе",O25="На больничном","На больничном",O25="Выходной","Выходной", O25="Не работал по неуважительной причине","Не работал по неуважительной причине"),"")}
A27: 5 | B27: 9B87-3AB6-19F1-3F4F | C27: Гилязов Марат | D27: КАМАЗ | F27: Подвоз раствора ядохимикатов Камаз | G27: 8326.5 | H27: 1 | I27: 3 | L27: =G27*H27 -> 8326.5
A28: 5
A29: 6 | C29: Самигуллин Марат | D29: КАМАЗ | F29: =CONCATENATE(F30," \ ",F31," \ ",F32) -> Перевозка сенажа \ ремонт среднего ТС \ | I29: =SUM(I30:I32) -> 11 | J29: ='08.07.2025'!J29+I29 -> 74 | K29: =IF(I29>0,'08.07.2025'!K29+1,'08.07.2025'!K29) -> 9 | L29: =SUM(L30:L32) -> 4615.44 | M29: ='08.07.2025'!M29+L29 -> 34851.04 | N29: 0
A30: 6 | B30: DB23-B6ED-A237-F7F2 | C30: Самигуллин Марат | D30: КАМАЗ | F30: Перевозка сенажа | G30: 42.9 | H30: 93.6 | I30: 7 | J30: =J29 -> 74 | K30: =K29 -> 9 | L30: =G30*H30 -> 4015.44 | M30: =M29 -> 34851.04 | O30: {=IFERROR(_xlfn.IFS(O29="Не работал по уважительной причине","Не работал по уважительной причине",O29="На учебе","На учебе",O29="На больничном","На больничном",O29="Выходной","Выходной", O29="Не работал по неуважительной причине","Не работал по неуважительной причине"),"")}
A31: 6 | B31: DB23-B6ED-A237-F7F2 | C31: Самигуллин Марат | D31: КАМАЗ | F31: ремонт среднего ТС | G31: 150 | H31: 4 | I31: 4 | L31: =G31*H31 -> 600
A32: 6 | L32: =G32*H32 -> 0
A33: 7 | C33: Хуснутдинов Рамиль | D33: КАМАЗ | F33: =CONCATENATE(F34," \ ",F35," \ ",F36) -> ремонт среднего ТС \ \ | I33: =SUM(I34:I36) -> 8 | J33: ='08.07.2025'!J33+I33 -> 66 | K33: =IF(I33>0,'08.07.2025'!K33+1,'08.07.2025'!K33) -> 9 | L33: =SUM(L34:L36) -> 1200 | M33: ='08.07.2025'!M33+L33 -> 26958.4 | N33: 0
A34: 7 | B34: 826C-55E4-ED1D-8549 | C34: Хуснутдинов Рамиль | D34: КАМАЗ | F34: ремонт среднего ТС | G34: 150 | H34: 8 | I34: 8 | J34: =J33 -> 66 | K34: =K33 -> 9 | L34: =G34*H34 -> 1200 | M34: =M33 -> 26958.4 | O34: {=IFERROR(_xlfn.IFS(O33="Не работал по уважительной причине","Не работал по уважительной причине",O33="На учебе","На учебе",O33="На больничном","На больничном",O33="Выходной","Выходной", O33="Не работал по неуважительной причине","Не работал по неуважительной причине"),"")}
A35: 7 | L35: =G35*H35 -> 0
A36: 7
A37: 8 | C37: Сафиуллин Фердинант | D37: К-744 | F37: =CONCATENATE(F38," \ ",F39," \ ",F40) -> \ \ | I37: =SUM(I38:I40) -> 0 | J37: ='08.07.2025'!J37+I37 -> 0 | K37: =IF(I37>0,'08.07.2025'!K37+1,'08.07.2025'!K37) -> 1 | L37: =SUM(L38:L40) -> 0 | M37: ='08.07.2025'!M37+L37 -> 0 | N37: 0 | O37: Не работал по уважительной причине
A38: 8 | B38: A70E-55AE-4C30-61A5 | C38: Сафиуллин Фердинант | D38: К-744 | J38: =J37 -> 0 | K38: =K37 -> 1 | L38: =G38*I38 -> 0 | M38: =M37 -> 0 | O38: {=IFERROR(_xlfn.IFS(O37="Не работал по уважительной причине","Не работал по уважительной причине",O37="На учебе","На учебе",O37="На больничном","На больничном",O37="Выходной","Выходной", O37="Не работал по неуважительной причине","Не работал по неуважительной причине"),"")} -> Не работал по уважительной причине
A39: 8
A40: 8
A41: 9 | C41: Зиннатуллин Ильяр | D41: ГАЗ-53/пожарный | F41: =CONCATENATE(F42," \ ",F43," \ ",F44) -> вахта пожарная \ \ | I41: =SUM(I42:I44) -> 10.4 | J41: ='08.07.2025'!J41+I41 -> 39.7 | K41: =IF(I41>0,'08.07.2025'!K41+1,'08.07.2025'!K41) -> 6 | L41: =SUM(L42:L44) -> 2246.4 | M41: ='08.07.2025'!M41+L41 -> 10572 | N41: 0
A42: 9 | B42: 84AC-63E7-9D34-A357 | C42: Зиннатуллин Ильяр | D42: ГАЗ-53/пожарный | F42: вахта пожарная | G42: 216 | H42: 10.4 | I42: 10.4 | J42: =J41 -> 39.7 | K42: =K41 -> 6 | L42: =G42*I42 -> 2246.4 | M42: =M41 -> 10572 | O42: {=IFERROR(_xlfn.IFS(O41="Не работал по уважительной причине","Не работал по уважительной причине",O41="На учебе","На учебе",O41="На больничном","На больничном",O41="Выходной","Выходной", O41="Не работал по неуважительной причине","Не работал по неуважительной причине"),"")}
A43: 9 | L43: =G43*I43 -> 0
A44: 9
A45: 10 | C45: Гарипов Айрат | D45: МТЗ-1221 | F45: =CONCATENATE(F46," \ ",F47," \ ",F48) -> раздача кормов \ измельчение соломы \ | I45: =SUM(I46:I48) -> 10 | J45: ='08.07.2025'!J45+I45 -> 94 | K45: =IF(I45>0,'08.07.2025'!K45+1,'08.07.2025'!K45) -> 9 | L45: =SUM(L46:L48) -> 2440 | M45: ='08.07.2025'!M45+L45 -> 26650 | N45: 0
A46: 10 | B46: 557B-25FB-94EC-6C71 | C46: Гарипов Айрат | D46: МТЗ-1221 | F46: раздача кормов | G46: 230 | H46: 8 | I46: 8 | J46: =J45 -> 94 | K46: =K45 -> 9 | L46: =G46*H46 -> 1840 | M46: =M45 -> 26650 | O46: {=IFERROR(_xlfn.IFS(O45="Не работал по уважительной причине","Не работал по уважительной причине",O45="На учебе","На учебе",O45="На больничном","На больничном",O45="Выходной","Выходной", O45="Не работал по неуважительной причине","Не работал по неуважительной причине"),"")}
A47: 10 | B47: 557B-25FB-94EC-6C71 | C47: Гарипов Айрат | D47: МТЗ-1221 | F47: измельчение соломы | G47: 300 | H47: 2 | I47: 2 | L47: =G47*H47 -> 600
A48: 10
A49: 11 | C49: Даминов Алмаз | D49: МТЗ-1221 | F49: =CONCATENATE(F50," \ ",F51," \ ",F52) -> раздача кормов \ перемещение силоса \ | I49: =SUM(I50:I52) -> 11 | J49: ='08.07.2025'!J49+I49 -> 97 | K49: =IF(I49>0,'08.07.2025'!K49+1,'08.07.2025'!K49) -> 9 | L49: =SUM(L50:L52) -> 2890 | M49: ='08.07.2025'!M49+L49 -> 26950 | N49: 0
A50: 11 | B50: FDCD-507C-3A15-AE14 | C50: Даминов Алмаз | D50: МТЗ-1221 | F50: раздача кормов | G50: 230 | H50: 8 | I50: 8 | J50: =J49 -> 97 | K50: =K49 -> 9 | L50: =G50*H50 -> 1840 | M50: =M49 -> 26950 | O50: {=IFERROR(_xlfn.IFS(O49="Не работал по уважительной причине","Не работал по уважительной причине",O49="На учебе","На учебе",O49="На больничном","На больничном",O49="Выходной","Выходной", O49="Не работал по неуважительной причине","Не работал по неуважительной причине"),"")}
A51: 11 | B51: FDCD-507C-3A15-AE14 | C51: Даминов Алмаз | D51: МТЗ-1221 | F51: перемещение силоса | G51: 350 | H51: 3 | I51: 3 | L51: =G51*H51 -> 1050
A52: 11 | L52: =G52*H52 -> 0
A53: 12 | C53: Сибгатуллин Ренат | D53: МТЗ-1221 | F53: =CONCATENATE(F54," \ ",F55," \ ",F56) -> Разбрасывание навоза на поле МТУ-18 \ \ | I53: =SUM(I54:I56) -> 2 | J53: ='08.07.2025'!J53+I53 -> 35 | K53: =IF(I53>0,'08.07.2025'!K53+1,'08.07.2025'!K53) -> 5 | L53: =SUM(L54:L56) -> 1716 | M53: ='08.07.2025'!M53+L53 -> 10824 | N53: 0
A54: 12 | B54: 5D9A-F109-F9E7-3E5D | C54: Сибгатуллин Ренат | D54: МТЗ-1221 | F54: Разбрасывание навоза на поле МТУ-18 | G54: 6.6 | H54: 260 | I54: 2 | J54: =J53 -> 35 | K54: =K53 -> 5 | L54: =G54*H54 -> 1716 | M54: =M53 -> 10824 | O54: {=IFERROR(_xlfn.IFS(O53="Не работал по уважительной причине","Не работал по уважительной причине",O53="На учебе","На учебе",O53="На больничном","На больничном",O53="Выходной","Выходной", O53="Не работал по неуважительной причине","Не работал по неуважительной причине"),"")}
A55: 12 | L55: =G55*H55 -> 0
A56: 12
A57: 13 | C57: Марданов Ильнур | D57: Ягуар/МТЗ-1221 | F57: =CONCATENATE(F58," \ ",F59," \ ",F60) -> вывоз жижи бочка 10т \ Измельчение зеленой массы \ | I57: =SUM(I58:I60) -> 12 | J57: ='08.07.2025'!J57+I57 -> 61.3 | K57: =IF(I57>0,'08.07.2025'!K57+1,'08.07.2025'!K57) -> 7 | L57: =SUM(L58:L60) -> 7735.6 | M57: ='08.07.2025'!M57+L57 -> 22335.6 | N57: 0
A58: 13 | B58: DF4D-FC93-8A9F-97B9 | C58: Марданов Ильнур | D58: МТЗ-1221 | F58: вывоз жижи бочка 10т | G58: 230 | H58: 2 | I58: 2 | J58: =J57 -> 61.3 | K58: =K57 -> 7 | L58: =G58*H58 -> 460 | M58: =M57 -> 22335.6 | O58: {=IFERROR(_xlfn.IFS(O57="Не работал по уважительной причине","Не работал по уважительной причине",O57="На учебе","На учебе",O57="На больничном","На больничном",O57="Выходной","Выходной", O57="Не работал по неуважительной причине","Не работал по неуважительной причине"),"")}
A59: 13 | B59: DF4D-FC93-8A9F-97B9 | C59: Марданов Ильнур | D59: Ягуар | F59: Измельчение зеленой массы | G59: 21.5 | H59: 338.4 | I59: 10 | L59: =G59*H59 -> 7275.6
A60: 13
A61: 14 | C61: Марданов Газинур | D61: МТЗ-1221 | F61: =CONCATENATE(F62," \ ",F63," \ ",F64) -> вывоз жижи бочка 10т \ \ | I61: =SUM(I62:I64) -> 8 | J61: ='08.07.2025'!J61+I61 -> 69 | K61: =IF(I61>0,'08.07.2025'!K61+1,'08.07.2025'!K61) -> 9 | L61: =SUM(L62:L64) -> 1380 | M61: ='08.07.2025'!M61+L61 -> 14230 | N61: 0
A62: 14 | B62: 7D6E-C387-6D53-EB81 | C62: Марданов Газинур | D62: МТЗ-1221 | F62: вывоз жижи бочка 10т | G62: 230 | H62: 6 | I62: 8 | J62: =J61 -> 69 | K62: =K61 -> 9 | L62: =G62*H62 -> 1380 | M62: =M61 -> 14230 | O62: {=IFERROR(_xlfn.IFS(O61="Не работал по уважительной причине","Не работал по уважительной причине",O61="На учебе","На учебе",O61="На больничном","На больничном",O61="Выходной","Выходной", O61="Не работал по неуважительной причине","Не работал по неуважительной причине"),"")}
A63: 14 | L63: =G63*H63 -> 0
A64: 14
A65: 15 | C65: Гилязутдинов Равис | D65: МТЗ-1221 | F65: =CONCATENATE(F66," \ ",F67," \ ",F68) -> Валкообразование КРОНА \ \ | I65: =SUM(I66:I68) -> 10 | J65: ='08.07.2025'!J65+I65 -> 88 | K65: =IF(I65>0,'08.07.2025'!K65+1,'08.07.2025'!K65) -> 9 | L65: =SUM(L66:L68) -> 4545 | M65: ='08.07.2025'!M65+L65 -> 19295 | N65: 1
A66: 15 | B66: A7DC-C920-DF83-2135 | C66: Гилязутдинов Равис | D66: МТЗ-1221 | F66: Валкообразование КРОНА | G66: 50.5 | H66: 90 | I66: 10 | J66: =J65 -> 88 | K66: =K65 -> 9 | L66: =G66*H66 -> 4545 | M66: =M65 -> 19295 | O66: {=IFERROR(_xlfn.IFS(O65="Не работал по уважительной причине","Не работал по уважительной причине",O65="На учебе","На учебе",O65="На больничном","На больничном",O65="Выходной","Выходной", O65="Не работал по неуважительной причине","Не работал по неуважительной причине"),"")}
A67: 15 | L67: =G67*H67 -> 0
A68: 15 | L68: =G68*H68 -> 0
A69: 16 | C69: Идрисов Фанис | D69: МТЗ-1221 | F69: =CONCATENATE(F70," \ ",F71," \ ",F72) -> \ \ | I69: =SUM(I70:I72) -> 0 | J69: ='08.07.2025'!J69+I69 -> 0 | K69: =IF(I69>0,'08.07.2025'!K69+1,'08.07.2025'!K69) -> 0 | L69: =SUM(L70:L72) -> 0 | M69: ='08.07.2025'!M69+L69 -> 0 | N69: 0 | O69: На больничном
A70: 16 | B70: 88F9-5D77-620C-6724 | C70: Идрисов Фанис | D70: МТЗ-1221 | J70: =J69 -> 0 | K70: =K69 -> 0 | L70: =G70*H70 -> 0 | M70: =M69 -> 0 | O70: {=IFERROR(_xlfn.IFS(O69="Не работал по уважительной причине","Не работал по уважительной причине",O69="На учебе","На учебе",O69="На больничном","На больничном",O69="Выходной","Выходной", O69="Не работал по неуважительной причине","Не работал по неуважительной причине"),"")} -> На больничном
A71: 16
A72: 16
A73: 17 | C73: Бурганов Ильдус | D73: МТЗ-1221 | F73: =CONCATENATE(F74," \ ",F75," \ ",F76) -> \ \ | I73: =SUM(I74:I76) -> 0 | J73: ='08.07.2025'!J73+I73 -> 24 | K73: =IF(I73>0,'08.07.2025'!K73+1,'08.07.2025'!K73) -> 3 | L73: =SUM(L74:L76) -> 0 | M73: ='08.07.2025'!M73+L73 -> 3600 | N73: 1
A74: 17 | B74: B9AE-D68F-9D53-65BF | C74: Бурганов Ильдус | D74: МТЗ-1221 | J74: =J73 -> 24 | K74: =K73 -> 3 | L74: =G74*H74 -> 0 | M74: =M73 -> 3600 | O74: {=IFERROR(_xlfn.IFS(O73="Не работал по уважительной причине","Не работал по уважительной причине",O73="На учебе","На учебе",O73="На больничном","На больничном",O73="Выходной","Выходной", O73="Не работал по неуважительной причине","Не работал по неуважительной причине"),"")}
A75: 17
A76: 17
A77: 18 | C77: Зиннатуллин Ильнар | D77: МТЗ-82/К-742 | F77: =CONCATENATE(F78," \ ",F79," \ ",F80) -> трамбование силоса или сенажа К-700 \ \ | I77: =SUM(I78:I80) -> 8 | J77: ='08.07.2025'!J77+I77 -> 8 | K77: =IF(I77>0,'08.07.2025'!K77+1,'08.07.2025'!K77) -> 1 | L77: =SUM(L78:L80) -> 2202.4 | M77: ='08.07.2025'!M77+L77 -> 2202.4 | N77: 0
A78: 18 | B78: 895A-537E-1E32-5C42 | C78: Зиннатуллин Ильнар | D78: К-742 | F78: трамбование силоса или сенажа К-700 | G78: 275.3 | H78: 8 | I78: 8 | J78: =J77 -> 8 | K78: =K77 -> 1 | L78: =G78*H78 -> 2202.4 | M78: =M77 -> 2202.4 | O78: {=IFERROR(_xlfn.IFS(O77="Не работал по уважительной причине","Не работал по уважительной причине",O77="На учебе","На учебе",O77="На больничном","На больничном",O77="Выходной","Выходной", O77="Не работал по неуважительной причине","Не работал по неуважительной причине"),"")}
A79: 18
A80: 18
A81: 19 | C81: Гарипов Радиф | D81: МТЗ-82 | F81: =CONCATENATE(F82," \ ",F83," \ ",F84) -> раздача кормов \ \ | I81: =SUM(I82:I84) -> 8 | J81: ='08.07.2025'!J81+I81 -> 71.4 | K81: =IF(I81>0,'08.07.2025'!K81+1,'08.07.2025'!K81) -> 9 | L81: =SUM(L82:L84) -> 1840 | M81: ='08.07.2025'!M81+L81 -> 18262 | N81: 0
A82: 19 | B82: 11F9-D23E-3538-3F4A | C82: Гарипов Радиф | D82: МТЗ-82 | F82: раздача кормов | G82: 230 | H82: 8 | I82: 8 | J82: =J81 -> 71.4 | K82: =K81 -> 9 | L82: =G82*H82 -> 1840 | M82: =M81 -> 18262 | O82: {=IFERROR(_xlfn.IFS(O81="Не работал по уважительной причине","Не работал по уважительной причине",O81="На учебе","На учебе",O81="На больничном","На больничном",O81="Выходной","Выходной", O81="Не работал по неуважительной причине","Не работал по неуважительной причине"),"")}
A83: 19
A84: 19
A85: 20 | C85: Гарипов Ленар | D85: МТЗ-82 КУН | F85: =CONCATENATE(F86," \ ",F87," \ ",F88) -> \ \ | I85: =SUM(I86:I88) -> 0 | J85: ='08.07.2025'!J85+I85 -> 3 | K85: =IF(I85>0,'08.07.2025'!K85+1,'08.07.2025'!K85) -> 1 | L85: =SUM(L86:L88) -> 0 | M85: ='08.07.2025'!M85+L85 -> 900 | N85: 0 | O85: На больничном
A86: 20 | B86: 4B06-16A7-C3EC-BD38 | C86: Гарипов Ленар | D86: МТЗ-82 КУН | J86: =J85 -> 3 | K86: =K85 -> 1 | L86: =G86*H86 -> 0 | M86: =M85 -> 900 | O86: {=IFERROR(_xlfn.IFS(O85="Не работал по уважительной причине","Не работал по уважительной причине",O85="На учебе","На учебе",O85="На больничном","На больничном",O85="Выходной","Выходной", O85="Не работал по неуважительной причине","Не работал по неуважительной причине"),"")} -> На больничном
A87: 20
A88: 20
A89: 21 | C89: Гилязов Фариль | D89: МТЗ-82 | F89: =CONCATENATE(F90," \ ",F91," \ ",F92) -> толкание навоза в комплексе \ \ | I89: =SUM(I90:I92) -> 8 | J89: ='08.07.2025'!J89+I89 -> 72 | K89: =IF(I89>0,'08.07.2025'!K89+1,'08.07.2025'!K89) -> 9 | L89: =SUM(L90:L92) -> 2400 | M89: ='08.07.2025'!M89+L89 -> 24000 | N89: 0
